timestamp,x,y,z,qx,qy,qz,qw,pos_std_x,pos_std_y,pos_std_z,gps_x,gps_y,gps_z,gps_frame,gps_valid,gps_hdop,gps_quality
1628249877.648332,0.001911,-0.007638,-0.007841,0.000368,-0.000367,-0.000818,1.000000,0.000000,0.000000,0.000000,-0.866675,-0.738365,4.660816,map,0,10.273333,1
1628249880.148363,0.007151,-0.015026,-0.003534,0.000256,-0.000141,-0.000623,1.000000,0.000000,0.000000,0.000000,-0.870253,-0.694616,4.616816,map,0,10.213333,1
1628249882.648393,0.001355,-0.004099,-0.002050,0.000193,-0.000308,-0.000841,1.000000,0.000000,0.000000,0.000000,-1.087568,-0.522674,4.712816,map,0,10.103333,1
1628249885.148377,0.512617,0.024733,-0.003424,0.000224,-0.000016,-0.119660,0.992815,0.000000,0.000000,0.000000,-0.587747,-0.598590,4.802816,map,0,10.023333,1
1628249886.660935,1.004389,-0.050987,-0.000916,-0.000744,-0.000467,-0.250347,0.968156,0.000000,0.000000,0.000000,-0.026670,-0.979683,4.724816,map,0,10.043333,1
1628249887.673401,1.508111,-0.303371,-0.005667,-0.001464,-0.000423,-0.389879,0.920865,0.000000,0.000000,0.000000,0.350420,-1.418816,4.745816,map,0,10.016667,1
1628249889.160974,2.187890,-1.041305,-0.013691,0.000377,0.003521,-0.478862,0.877883,0.000000,0.000000,0.000000,0.672354,-1.982366,4.929816,map,1,9.980000,2
1628249891.185994,2.762458,-1.926470,-0.016894,0.000193,0.000973,-0.537178,0.843468,0.000000,0.000000,0.000000,0.974284,-3.011357,4.836816,map,1,9.940000,2
1628249893.173496,3.283610,-3.108486,-0.024967,0.001669,-0.001949,-0.595961,0.803009,0.000000,0.000000,0.000000,1.217549,-4.299353,4.636815,map,1,9.936667,2
1628249894.673519,3.535010,-4.183945,-0.019359,0.001472,-0.002436,-0.594385,0.804176,0.000000,0.000000,0.000000,1.244827,-5.786666,4.529814,map,0,10.040000,1
1628249895.686026,3.798345,-4.921068,-0.029691,-0.003110,-0.002458,-0.489674,0.871897,0.000000,0.000000,0.000000,1.328250,-6.629133,4.650813,map,0,10.166667,1
1628249896.673499,4.262096,-5.581142,-0.016498,-0.003644,-0.001111,-0.404895,0.914355,0.000000,0.000000,0.000000,1.592712,-7.466270,4.816812,map,0,10.223333,1
1628249898.173552,5.185474,-6.441094,-0.024849,-0.000955,-0.003327,-0.324851,0.945759,0.000000,0.000000,0.000000,1.924819,-8.242943,4.970811,map,0,10.270000,1
1628249899.698560,6.190375,-7.236719,-0.013699,0.004113,-0.002137,-0.362587,0.931939,0.000000,0.000000,0.000000,2.753936,-9.504920,4.822809,map,0,10.463333,1
1628249901.698535,7.172882,-8.139793,-0.003680,0.005457,-0.001251,-0.393485,0.919314,0.000000,0.000000,0.000000,3.426925,-10.721793,4.764807,map,0,10.583333,1
1628249903.186139,8.246209,-9.276427,0.015932,0.005908,0.007121,-0.417437,0.908659,0.000000,0.000000,0.000000,3.877828,-11.708392,4.635805,map,0,10.600000,1
1628249904.198591,8.969155,-10.133470,0.052345,-0.006070,-0.012306,-0.419196,0.907792,0.000000,0.000000,0.000000,4.320451,-12.771248,4.523803,map,0,10.593333,1
1628249905.186094,9.747351,-11.003438,-0.028556,0.005238,-0.001972,-0.402586,0.915365,0.000000,0.000000,0.000000,4.807000,-13.838658,4.317800,map,0,10.616667,1
1628249906.198630,10.663281,-11.954399,-0.031648,0.000412,-0.003628,-0.383938,0.923352,0.000000,0.000000,0.000000,5.281758,-15.116915,4.241797,map,0,10.680000,1
1628249907.198677,11.852156,-13.077213,-0.041923,0.002399,0.003842,-0.359481,0.933141,0.000000,0.000000,0.000000,6.044493,-16.632277,4.433793,map,0,10.760000,1
1628249908.223646,13.209581,-14.229108,-0.013924,0.002556,-0.003401,-0.333338,0.942798,0.000000,0.000000,0.000000,7.023913,-18.223121,4.454787,map,0,10.766667,1
1628249909.198628,14.760093,-15.427384,-0.026918,-0.000774,0.001497,-0.326436,0.945218,0.000000,0.000000,0.000000,7.993229,-19.779178,4.423782,map,0,10.783333,1
1628249910.211129,16.321639,-16.622636,-0.003228,-0.005787,0.003841,-0.385714,0.922592,0.000000,0.000000,0.000000,8.989280,-21.395844,4.360775,map,0,10.793333,1
1628249911.211110,17.637115,-18.029753,-0.017107,-0.007513,0.001972,-0.450809,0.892587,0.000000,0.000000,0.000000,9.879724,-23.141335,4.565768,map,0,10.716667,1
1628249912.223672,18.760506,-19.549087,-0.020735,0.003814,-0.001473,-0.351387,0.936221,0.000000,0.000000,0.000000,10.630739,-25.045882,4.580760,map,0,10.680000,1
1628249912.711303,19.621294,-20.225894,-0.025006,0.002096,0.000339,-0.315546,0.948908,0.000000,0.000000,0.000000,11.644614,-26.702953,4.485751,map,0,10.640000,1
1628249913.224057,20.466757,-20.827008,-0.024655,-0.002092,-0.000812,-0.345033,0.938588,0.000000,0.000000,0.000000,11.644614,-26.702953,4.485751,map,0,10.640000,1
1628249914.224554,21.931171,-22.120842,-0.024807,-0.002177,-0.001393,-0.396615,0.917981,0.000000,0.000000,0.000000,12.552251,-28.392388,4.406742,map,0,10.556667,1
1628249915.224942,23.239872,-23.546358,-0.026055,-0.000174,-0.000963,-0.431289,0.902213,0.000000,0.000000,0.000000,13.356036,-30.143353,4.422733,map,0,10.426667,1
1628249915.712680,23.883911,-24.339598,-0.027518,-0.000412,-0.001129,-0.457272,0.889326,0.000000,0.000000,0.000000,13.957449,-31.993831,4.272722,map,0,10.310000,1
1628249916.725569,25.019620,-25.937864,-0.031121,-0.001495,-0.001099,-0.481871,0.876240,0.000000,0.000000,0.000000,14.514936,-33.839756,4.138712,map,0,10.220000,1
1628249917.725984,26.093469,-27.520567,-0.026791,0.002179,-0.001383,-0.423283,0.905994,0.000000,0.000000,0.000000,15.177469,-35.638734,4.141701,map,0,10.140000,1
1628249918.726469,27.445450,-28.925852,-0.030399,0.005222,-0.003416,-0.316273,0.948648,0.000000,0.000000,0.000000,16.235272,-37.300358,3.995689,map,0,10.130000,1
1628249919.239119,28.252250,-29.544198,-0.037994,0.006047,-0.004015,-0.259195,0.965798,0.000000,0.000000,0.000000,16.235272,-37.300358,3.995689,map,0,10.130000,1
1628249919.739347,29.158393,-30.102731,-0.035380,0.002914,-0.001029,-0.247801,0.968806,0.000000,0.000000,0.000000,17.643858,-38.901953,3.981675,map,0,10.143333,1
1628249920.227059,30.097260,-30.594259,-0.032677,-0.002600,0.002975,-0.292576,0.956234,0.000000,0.000000,0.000000,17.643858,-38.901953,3.981675,map,0,10.143333,1
1628249920.739705,30.938714,-31.161378,-0.034821,-0.004855,0.003097,-0.349320,0.936986,0.000000,0.000000,0.000000,18.926629,-40.562800,3.802661,map,0,10.083333,1
1628249921.740093,32.367041,-32.500334,-0.051156,-0.002826,0.003942,-0.424608,0.905364,0.000000,0.000000,0.000000,19.799884,-42.364344,3.669647,map,0,10.023333,1
1628249922.740538,33.434432,-33.820536,-0.055016,-0.001044,0.005144,-0.481098,0.876651,0.000000,0.000000,0.000000,20.277101,-43.850104,3.533635,map,1,9.983333,2
1628249923.740892,34.116202,-34.876532,-0.055617,0.001170,0.004703,-0.514507,0.857473,0.000000,0.000000,0.000000,20.599876,-45.045127,3.469626,map,1,9.943333,2
1628249924.753776,34.740733,-36.008092,-0.082493,-0.000995,-0.002290,-0.530402,0.847743,0.000000,0.000000,0.000000,20.884757,-46.486849,3.419615,map,1,9.923333,2
1628249925.754150,35.452484,-37.436099,-0.093276,0.007769,-0.000087,-0.498471,0.866872,0.000000,0.000000,0.000000,21.293206,-48.196829,3.424601,map,1,9.903333,2
1628249926.754593,36.443526,-38.895075,-0.106631,0.009562,0.000703,-0.383544,0.923473,0.000000,0.000000,0.000000,21.901081,-49.860006,3.452586,map,1,9.943333,2
1628249927.754892,37.665268,-39.971079,-0.122208,0.011231,0.001495,-0.263444,0.964608,0.000000,0.000000,0.000000,22.790692,-50.974019,3.249574,map,0,10.023333,1
1628249928.755273,38.818436,-40.500056,-0.118659,0.011882,-0.002614,-0.081902,0.996566,0.000000,0.000000,0.000000,23.702691,-51.651754,2.953566,map,0,10.066667,1
1628249929.242942,39.383239,-40.565677,-0.125231,0.011249,-0.004314,0.039209,0.999158,0.000000,0.000000,0.000000,23.702691,-51.651754,2.953566,map,0,10.066667,1
1628249929.743118,40.055178,-40.504946,-0.110478,0.011462,-0.002671,0.187069,0.982276,0.000000,0.000000,0.000000,24.854955,-51.983276,2.771559,map,1,9.863333,2
1628249930.244031,40.662605,-40.235461,-0.108722,0.011644,-0.002189,0.354033,0.935158,0.000000,0.000000,0.000000,24.854955,-51.983276,2.771559,map,1,9.863333,2
1628249930.755964,41.195684,-39.902902,-0.104419,0.003838,0.005029,0.467212,0.884123,0.000000,0.000000,0.000000,26.332746,-51.413514,2.750557,map,1,9.683333,2
1628249932.756667,41.734228,-39.139525,-0.111524,-0.004891,0.007190,0.486225,0.873790,0.000000,0.000000,0.000000,27.083993,-50.835907,2.529558,map,1,9.610000,2
1628249934.769842,41.681206,-39.206374,-0.109761,-0.005469,0.007559,0.494330,0.869224,0.000000,0.000000,0.000000,26.979579,-50.979315,2.603558,map,1,9.596667,2
1628249936.257834,41.407015,-39.796949,-0.102553,-0.004094,0.001995,0.569099,0.822256,0.000000,0.000000,0.000000,26.803379,-51.221314,2.481556,map,1,9.556667,2
1628249938.258477,41.247033,-40.417146,-0.114637,-0.001929,-0.003361,0.641787,0.766873,0.000000,0.000000,0.000000,26.665841,-51.669751,2.243553,map,1,9.526667,2
1628249940.259105,41.235921,-40.886890,-0.126943,0.003042,-0.010918,0.691942,0.721864,0.000000,0.000000,0.000000,26.465923,-51.976767,2.078552,map,1,9.573333,2
1628249941.259409,41.257606,-39.764517,-0.113328,0.001421,-0.002244,0.744245,0.667901,0.000000,0.000000,0.000000,26.726820,-51.261571,1.898556,map,1,9.553333,2
1628249942.272220,41.040806,-38.326907,-0.114634,0.000125,0.010010,0.799294,0.600857,0.000000,0.000000,0.000000,27.064629,-49.889222,1.835566,map,1,9.540000,2
1628249943.772663,40.730496,-37.350594,-0.121664,0.001975,0.005117,0.844104,0.536151,0.000000,0.000000,0.000000,27.060991,-48.158552,1.729579,map,1,9.333333,2
1628249944.772971,40.267580,-36.493077,-0.124407,0.007929,0.004232,0.893077,0.449814,0.000000,0.000000,0.000000,26.734143,-47.179995,1.537587,map,1,9.333333,2
1628249945.798240,39.557670,-35.571298,-0.116230,0.005061,0.005232,0.931882,0.362688,0.000000,0.000000,0.000000,26.207241,-46.151780,1.466597,map,1,9.356667,2
1628249946.798540,38.741541,-34.858311,-0.102162,0.007724,0.003260,0.959465,0.281704,0.000000,0.000000,0.000000,25.539717,-45.268040,1.508606,map,1,9.390000,2
1628249947.786326,37.804167,-34.299005,-0.080232,0.005925,0.005894,0.979028,0.203554,0.000000,0.000000,0.000000,24.766587,-44.513125,1.607615,map,1,9.423333,2
1628249948.786602,36.625582,-33.834499,-0.087258,0.004077,0.004455,0.992729,0.120221,0.000000,0.000000,0.000000,23.794031,-43.805010,1.463623,map,1,9.410000,2
1628249949.799373,35.299225,-33.634146,-0.073323,0.005689,0.000693,0.983147,0.182727,0.000000,0.000000,0.000000,22.639243,-43.087645,1.515632,map,1,9.386667,2
1628249950.799655,33.995978,-33.093997,-0.060660,0.004097,-0.000457,0.951566,0.307417,0.000000,0.000000,0.000000,21.582276,-42.057497,1.731643,map,1,9.423333,2
1628249951.799914,32.717779,-32.019627,-0.052349,0.004675,-0.001320,0.912158,0.409810,0.000000,0.000000,0.000000,20.798766,-40.554443,1.678655,map,1,9.470000,2
1628249952.812691,31.635100,-30.638310,-0.040846,0.005491,0.000349,0.889001,0.457873,0.000000,0.000000,0.000000,20.244294,-38.834145,1.690668,map,1,9.473333,2
1628249953.812954,30.427546,-29.079133,-0.037630,0.004994,0.004260,0.912833,0.408280,0.000000,0.000000,0.000000,19.642878,-36.983667,1.614680,map,1,9.483333,2
1628249954.800698,29.059320,-27.623193,-0.031197,0.004239,0.003342,0.930786,0.365525,0.000000,0.000000,0.000000,18.750045,-35.209011,1.412693,map,1,9.486667,2
1628249955.301027,28.275558,-26.926890,-0.030290,0.002435,0.001863,0.937402,0.348236,0.000000,0.000000,0.000000,18.750045,-35.209011,1.412693,map,1,9.486667,2
1628249955.800952,27.472774,-26.270200,-0.030753,0.002651,0.002191,0.943209,0.332183,0.000000,0.000000,0.000000,17.607337,-33.485568,1.365705,map,1,9.486667,2
1628249956.313579,26.669103,-25.631783,-0.031764,0.001578,0.002139,0.948908,0.315542,0.000000,0.000000,0.000000,17.607337,-33.485568,1.365705,map,1,9.486667,2
1628249956.801208,25.824747,-25.016597,-0.036477,0.000882,0.001407,0.953792,0.300464,0.000000,0.000000,0.000000,16.385687,-31.773219,1.421717,map,1,9.513333,2
1628249957.301330,24.967258,-24.428397,-0.025648,0.001783,-0.000122,0.957507,0.288406,0.000000,0.000000,0.000000,16.385687,-31.773219,1.421717,map,1,9.513333,2
1628249957.813954,24.081526,-23.895824,-0.038956,0.002974,-0.001647,0.958486,0.285120,0.000000,0.000000,0.000000,15.155757,-30.137129,1.500728,map,1,9.513333,2
1628249958.301578,23.162779,-23.393818,-0.025377,-0.000437,-0.003478,0.945962,0.324259,0.000000,0.000000,0.000000,15.155757,-30.137129,1.500728,map,1,9.513333,2
1628249958.801701,22.346727,-22.697963,-0.027016,-0.001948,-0.006611,0.924456,0.381227,0.000000,0.000000,0.000000,14.119287,-28.381321,1.423739,map,1,9.496667,2
1628249959.301819,21.620738,-21.986432,-0.025316,0.000096,-0.005300,0.908801,0.417197,0.000000,0.000000,0.000000,14.119287,-28.381321,1.423739,map,1,9.496667,2
1628249959.814438,20.951047,-21.190814,-0.023902,-0.000730,-0.002789,0.893693,0.448669,0.000000,0.000000,0.000000,13.424620,-26.366942,1.202749,map,1,9.480000,2
1628249960.814678,19.813079,-19.535749,-0.014891,0.000496,-0.000498,0.870848,0.491552,0.000000,0.000000,0.000000,12.854576,-24.278729,1.350758,map,1,9.486667,2
1628249961.314808,19.294329,-18.647786,-0.029161,0.001073,0.008677,0.907690,0.419551,0.000000,0.000000,0.000000,12.854576,-24.278729,1.350758,map,1,9.486667,2
1628249961.802411,18.564772,-17.844469,-0.023225,0.001626,0.009188,0.938199,0.345971,0.000000,0.000000,0.000000,12.064969,-22.346082,1.035767,map,1,9.500000,2
1628249962.815152,17.052183,-16.751478,-0.015701,0.004385,0.008213,0.978627,0.205431,0.000000,0.000000,0.000000,10.989483,-21.000728,1.171773,map,1,9.516667,2
1628249963.815377,15.910739,-16.297678,-0.027810,-0.004661,0.005681,0.995943,0.089682,0.000000,0.000000,0.000000,10.062049,-20.311750,1.027777,map,1,9.583333,2
1628249964.815614,15.083498,-16.153233,-0.025677,-0.002929,-0.001398,0.999669,-0.025534,0.000000,0.000000,0.000000,9.293266,-20.053718,0.968779,map,1,9.700000,2
1628249966.828559,15.431644,-16.102100,-0.017594,-0.005251,-0.001639,0.993050,-0.117565,0.000000,0.000000,0.000000,9.652397,-20.095770,1.038778,map,1,9.860000,2
1628249967.828796,16.104396,-15.719649,-0.026223,0.001951,0.000497,0.962169,-0.272445,0.000000,0.000000,0.000000,10.212776,-20.202062,0.954777,map,1,9.923333,2
1628249968.828996,16.606307,-15.216311,-0.033922,0.005140,0.002114,0.915755,-0.401699,0.000000,0.000000,0.000000,10.775403,-19.980845,0.940777,map,1,9.886667,2
1628249970.329315,16.782468,-14.884077,-0.044449,-0.014967,-0.005741,-0.858081,0.513265,0.000000,0.000000,0.000000,10.838908,-19.958511,1.228777,map,1,9.860000,2
1628249970.841925,16.523815,-15.376225,-0.039463,-0.007620,-0.013320,-0.746674,0.665013,0.000000,0.000000,0.000000,10.461666,-20.671284,1.625775,map,1,9.853333,2
1628249971.329536,16.353362,-16.013839,-0.025533,0.001614,-0.009869,-0.617954,0.786151,0.000000,0.000000,0.000000,10.461666,-20.671284,1.625775,map,1,9.853333,2
1628249972.329731,16.750909,-17.505955,-0.009670,0.004634,0.010149,-0.592726,0.805327,0.000000,0.000000,0.000000,10.294158,-21.907056,1.902771,map,1,9.866667,2
1628249973.830032,16.979225,-18.091876,-0.027499,0.000607,-0.004744,-0.512246,0.858826,0.000000,0.000000,0.000000,10.567107,-23.202948,1.928766,map,0,10.026667,1
1628249974.342650,17.222983,-18.592634,-0.025043,-0.000520,-0.005814,-0.423310,0.905966,0.000000,0.000000,0.000000,10.567107,-23.202948,1.928766,map,0,10.026667,1
1628249975.330341,18.194814,-19.634547,-0.021613,0.002872,-0.005620,-0.314979,0.949078,0.000000,0.000000,0.000000,11.094637,-24.327624,1.955761,map,0,10.066667,1
1628249976.343026,19.384369,-20.559912,-0.024086,0.003660,0.000336,-0.300875,0.953657,0.000000,0.000000,0.000000,11.913584,-25.376477,2.116756,map,0,10.063333,1
1628249977.343251,20.493940,-21.329606,-0.019763,0.001671,-0.002787,-0.351832,0.936058,0.000000,0.000000,0.000000,12.769301,-26.342385,2.011750,map,0,10.043333,1
1628249978.343478,21.541642,-22.271167,-0.031303,0.003501,-0.001938,-0.393620,0.919264,0.000000,0.000000,0.000000,13.514078,-27.460664,2.010744,map,1,9.996667,2
1628249979.356127,22.644223,-23.445733,-0.032085,0.002922,-0.003616,-0.432304,0.901716,0.000000,0.000000,0.000000,14.253029,-28.862704,1.975736,map,1,9.946667,2
1628249980.343807,23.735862,-24.783852,-0.031997,0.000438,-0.001213,-0.437101,0.899412,0.000000,0.000000,0.000000,14.903564,-30.337514,1.917728,map,1,9.833333,2
1628249981.356509,24.938170,-26.153858,-0.028468,0.000672,-0.002516,-0.365467,0.930821,0.000000,0.000000,0.000000,15.584975,-31.834805,2.039719,map,1,9.776667,2
1628249982.356678,26.264074,-27.320206,-0.025215,-0.001062,-0.000491,-0.352842,0.935682,0.000000,0.000000,0.000000,16.505033,-33.409851,1.770709,map,1,9.793333,2
1628249983.356907,27.725787,-28.544785,-0.028362,-0.004545,0.000427,-0.354092,0.935199,0.000000,0.000000,0.000000,17.533717,-34.981701,1.744698,map,1,9.816667,2
1628249984.369559,29.150879,-29.770561,-0.034907,-0.002344,-0.000016,-0.376264,0.926510,0.000000,0.000000,0.000000,18.545208,-36.609605,1.689686,map,1,9.790000,2
1628249984.857182,29.887736,-30.448869,-0.028198,-0.002289,0.002956,-0.390800,0.920468,0.000000,0.000000,0.000000,19.403026,-38.399909,1.786673,map,1,9.743333,2
1628249985.857421,31.225759,-31.843863,-0.047188,0.000490,0.002807,-0.412228,0.911076,0.000000,0.000000,0.000000,20.157554,-40.169866,1.981660,map,1,9.703333,2
1628249986.869995,32.549447,-33.328963,-0.060130,0.000866,0.000584,-0.428223,0.903673,0.000000,0.000000,0.000000,20.875874,-41.940888,2.000646,map,1,9.686667,2
1628249987.370134,33.198536,-34.094197,-0.067972,0.001745,0.002709,-0.435240,0.900309,0.000000,0.000000,0.000000,20.875874,-41.940888,2.000646,map,1,9.686667,2
1628249987.870203,33.876241,-34.905850,-0.067446,0.002163,0.002242,-0.433967,0.900924,0.000000,0.000000,0.000000,21.578195,-43.782550,2.209632,map,1,9.686667,2
1628249988.370301,34.523042,-35.709954,-0.082036,0.002438,-0.001087,-0.417887,0.908495,0.000000,0.000000,0.000000,21.578195,-43.782550,2.209632,map,1,9.686667,2
1628249988.857851,35.226500,-36.507702,-0.084513,0.008133,0.005387,-0.376452,0.926385,0.000000,0.000000,0.000000,22.379036,-45.586226,2.230616,map,1,9.683333,2
1628249989.883070,36.706268,-37.770240,-0.094506,0.008062,0.000218,-0.272563,0.962104,0.000000,0.000000,0.000000,23.544274,-47.230069,2.354600,map,1,9.730000,2
1628249990.870670,38.320973,-38.761412,-0.091468,-0.003140,0.004968,-0.401447,0.915863,0.000000,0.000000,0.000000,24.664392,-48.854775,2.359584,map,1,9.753333,2
1628249991.370764,39.105057,-39.532412,-0.117363,-0.001705,0.004806,-0.467750,0.883846,0.000000,0.000000,0.000000,24.664392,-48.854775,2.359584,map,1,9.753333,2
1628249991.883390,39.700985,-40.392005,-0.122241,0.005285,0.000571,-0.447865,0.894085,0.000000,0.000000,0.000000,25.392187,-50.564122,2.333568,map,1,9.753333,2
1628249992.883520,40.667117,-41.627284,-0.131632,0.010260,-0.002287,-0.311469,0.950198,0.000000,0.000000,0.000000,25.989258,-51.917715,2.471554,map,1,9.763333,2
1628249993.871235,41.544780,-42.221177,-0.123797,0.005949,-0.002894,-0.143889,0.989572,0.000000,0.000000,0.000000,26.726182,-52.673697,2.403545,map,1,9.780000,2
1628249994.396254,42.068580,-42.414251,-0.124569,0.004863,-0.001911,-0.036170,0.999332,0.000000,0.000000,0.000000,26.726182,-52.673697,2.403545,map,1,9.780000,2
1628249994.871402,42.685345,-42.506351,-0.124989,0.004963,-0.002468,0.092149,0.995730,0.000000,0.000000,0.000000,27.773402,-53.052167,2.361537,map,1,9.770000,2
1628249995.371453,43.353446,-42.448015,-0.117824,0.006039,-0.001766,0.236034,0.971724,0.000000,0.000000,0.000000,27.773402,-53.052167,2.361537,map,1,9.770000,2
1628249995.896520,43.995704,-42.063603,-0.126700,0.006109,0.004416,0.396066,0.918191,0.000000,0.000000,0.000000,28.956896,-52.789278,2.370534,map,1,9.773333,2
1628249996.884155,44.713293,-40.959916,-0.101290,-0.008881,0.007354,0.380888,0.924549,0.000000,0.000000,0.000000,29.645902,-52.426930,2.535534,map,1,9.836667,2
1628249998.884464,44.556165,-41.172263,-0.113127,-0.005897,0.003444,0.405469,0.914083,0.000000,0.000000,0.000000,29.476230,-52.659971,2.949533,map,1,9.933333,2
1628250000.884812,44.320294,-41.514447,-0.114522,-0.003725,-0.000059,0.449112,0.893468,0.000000,0.000000,0.000000,29.190846,-52.987048,3.090531,map,0,10.066667,1
1628250002.885155,44.102668,-41.941784,-0.118988,-0.004549,0.000072,0.501567,0.865107,0.000000,0.000000,0.000000,28.771366,-53.449637,3.224530,map,0,10.230000,1
1628250004.897942,44.324385,-41.569369,-0.110901,-0.001374,-0.003571,0.527688,0.849430,0.000000,0.000000,0.000000,29.003350,-53.179681,3.227531,map,0,10.346667,1
1628250006.898196,44.614842,-40.873357,-0.117470,-0.003885,0.002380,0.506581,0.862180,0.000000,0.000000,0.000000,29.288174,-52.934484,3.383531,map,0,10.350000,1
1628250008.910972,44.618209,-40.899081,-0.118195,-0.003687,0.002600,0.507573,0.861597,0.000000,0.000000,0.000000,29.120257,-53.100228,3.632531,map,0,10.320000,1
1628250010.923694,44.544373,-41.014123,-0.117456,-0.003585,0.000333,0.517390,0.855742,0.000000,0.000000,0.000000,29.033666,-53.284043,3.730530,map,0,10.273333,1
1628250013.411576,44.388624,-41.407385,-0.123529,-0.001430,-0.003614,0.538747,0.842459,0.000000,0.000000,0.000000,28.835504,-53.523768,3.986529,map,0,10.326667,1
1628250015.411799,44.744155,-40.611416,-0.121226,-0.004190,0.003180,0.516518,0.856260,0.000000,0.000000,0.000000,29.087068,-53.226926,4.184530,map,0,10.303333,1
1628250017.437092,44.755049,-40.543116,-0.118834,-0.003685,0.002524,0.514797,0.857301,0.000000,0.000000,0.000000,29.253795,-53.046602,4.434531,map,0,10.200000,1
1628250019.424823,44.504119,-41.330120,-0.112992,-0.003820,0.001418,0.620892,0.783885,0.000000,0.000000,0.000000,29.029599,-53.500517,4.580528,map,0,10.106667,1
1628250020.437482,44.476154,-42.003105,-0.110900,-0.003091,-0.000427,0.723990,0.689804,0.000000,0.000000,0.000000,28.624993,-54.056221,4.548525,map,0,10.133333,1
1628250021.450059,44.681613,-42.698942,-0.116646,-0.003145,-0.000881,0.818609,0.574342,0.000000,0.000000,0.000000,28.497628,-54.717782,4.294520,map,0,10.166667,1
1628250022.437658,45.014862,-43.218697,-0.114774,-0.002284,-0.004813,0.889550,0.456807,0.000000,0.000000,0.000000,28.524571,-55.313407,4.513515,map,0,10.040000,1
1628250024.437918,44.471917,-42.544382,-0.119018,0.002974,-0.001268,0.946618,0.322342,0.000000,0.000000,0.000000,28.329779,-55.061863,4.357518,map,1,9.916667,2
1628250025.438027,43.362984,-41.730892,-0.115220,0.000642,-0.000618,0.951910,0.306375,0.000000,0.000000,0.000000,27.663939,-53.932489,4.308531,map,1,9.960000,2
1628250026.450657,42.406617,-41.040088,-0.115886,0.003256,-0.002466,0.952511,0.304477,0.000000,0.000000,0.000000,26.792149,-52.858880,4.181543,map,1,9.936667,2
1628250027.450835,41.297873,-40.317895,-0.112287,0.001379,-0.004437,0.953688,0.300763,0.000000,0.000000,0.000000,26.007019,-51.779796,4.116555,map,1,9.903333,2
1628250028.450891,40.023663,-39.439639,-0.108689,0.002484,-0.004204,0.955324,0.295521,0.000000,0.000000,0.000000,25.080567,-50.570386,3.956569,map,1,9.876667,2
1628250029.451092,38.693956,-38.572158,-0.115259,0.003442,-0.003699,0.955787,0.294018,0.000000,0.000000,0.000000,24.095944,-49.359765,3.682582,map,1,9.876667,2
1628250030.463649,37.282377,-37.641746,-0.095283,0.003744,-0.005324,0.950573,0.310432,0.000000,0.000000,0.000000,23.120794,-48.087469,3.439595,map,1,9.876667,2
1628250031.463713,35.838698,-36.553087,-0.077616,0.008011,-0.007537,0.935144,0.354096,0.000000,0.000000,0.000000,22.069019,-46.677095,3.032610,map,1,9.836667,2
1628250032.463916,34.366420,-35.282784,-0.075682,0.003415,-0.007991,0.914704,0.404031,0.000000,0.000000,0.000000,21.233861,-45.163864,2.741623,map,1,9.806667,2
1628250032.951381,33.678506,-34.536150,-0.077100,0.002251,-0.007377,0.904653,0.426080,0.000000,0.000000,0.000000,20.514978,-43.474717,2.424637,map,1,9.756667,2
1628250033.964033,32.407114,-32.985587,-0.055956,0.001435,-0.005213,0.889680,0.456552,0.000000,0.000000,0.000000,19.879108,-41.558010,2.344652,map,1,9.683333,2
1628250034.451569,31.778382,-32.144620,-0.050714,0.005264,-0.002616,0.883873,0.467690,0.000000,0.000000,0.000000,19.879108,-41.558010,2.344652,map,1,9.683333,2
1628250034.964102,31.159732,-31.292973,-0.044792,0.002636,-0.000546,0.893650,0.448756,0.000000,0.000000,0.000000,19.264010,-39.628996,2.134666,map,1,9.606667,2
1628250035.451693,30.547103,-30.479030,-0.039380,0.004883,-0.000920,0.908345,0.418192,0.000000,0.000000,0.000000,19.264010,-39.628996,2.134666,map,1,9.606667,2
1628250035.964213,29.863599,-29.700802,-0.030504,0.003029,0.002373,0.922596,0.385748,0.000000,0.000000,0.000000,18.445909,-37.703036,1.987680,map,1,9.523333,2
1628250036.464267,29.127215,-28.972443,-0.027386,0.000703,0.002555,0.935435,0.353489,0.000000,0.000000,0.000000,18.445909,-37.703036,1.987680,map,1,9.523333,2
1628250036.976822,28.354173,-28.284169,-0.030185,0.001287,0.000007,0.945480,0.325678,0.000000,0.000000,0.000000,17.352390,-35.782261,1.750694,map,1,9.473333,2
1628250037.964556,26.751970,-27.027162,-0.024431,0.000150,-0.004259,0.929949,0.367663,0.000000,0.000000,0.000000,16.165754,-34.054263,1.709707,map,1,9.436667,2
1628250038.477035,25.975777,-26.316031,-0.027005,-0.001008,-0.004163,0.922594,0.385749,0.000000,0.000000,0.000000,16.165754,-34.054263,1.709707,map,1,9.436667,2
1628250038.964558,25.230678,-25.601097,-0.032465,-0.002094,-0.003699,0.915290,0.402772,0.000000,0.000000,0.000000,15.198121,-32.252574,1.675718,map,1,9.413333,2
1628250039.477088,24.505755,-24.826325,-0.026145,-0.000820,-0.004161,0.908426,0.418025,0.000000,0.000000,0.000000,15.198121,-32.252574,1.675718,map,1,9.413333,2
1628250039.977133,23.820516,-24.049494,-0.025609,0.001022,-0.004336,0.901075,0.433640,0.000000,0.000000,0.000000,14.352096,-30.251423,1.567730,map,1,9.376667,2
1628250040.477200,23.166546,-23.258051,-0.035504,-0.001165,-0.002807,0.893706,0.448643,0.000000,0.000000,0.000000,14.352096,-30.251423,1.567730,map,1,9.376667,2
1628250040.977243,22.538678,-22.418992,-0.037074,-0.001048,-0.002719,0.886865,0.462020,0.000000,0.000000,0.000000,13.554138,-28.216697,1.516741,map,1,9.336667,2
1628250041.489802,21.909921,-21.531718,-0.030886,0.001038,-0.002394,0.883656,0.468130,0.000000,0.000000,0.000000,13.554138,-28.216697,1.516741,map,1,9.336667,2
1628250041.964840,21.283855,-20.647380,-0.033050,0.000638,0.001827,0.896265,0.443516,0.000000,0.000000,0.000000,12.884382,-26.151884,1.612751,map,1,9.286667,2
1628250042.477458,20.649682,-19.802214,-0.032327,0.002867,0.003842,0.918160,0.396181,0.000000,0.000000,0.000000,12.884382,-26.151884,1.612751,map,1,9.286667,2
1628250042.977434,19.943186,-19.080097,-0.023401,0.003302,0.006654,0.937537,0.347806,0.000000,0.000000,0.000000,12.006920,-24.210130,1.416760,map,1,9.286667,2
1628250043.465083,19.163504,-18.441893,-0.016560,0.001027,0.006791,0.949464,0.313800,0.000000,0.000000,0.000000,12.006920,-24.210130,1.416760,map,1,9.286667,2
1628250043.977582,18.323273,-17.869380,-0.027271,0.001347,0.003332,0.942991,0.332799,0.000000,0.000000,0.000000,10.944911,-22.408296,1.237769,map,1,9.323333,2
1628250044.477610,17.520150,-17.223259,-0.027026,0.002829,0.000052,0.926762,0.375638,0.000000,0.000000,0.000000,10.944911,-22.408296,1.237769,map,1,9.323333,2
1628250044.977648,16.761922,-16.533845,-0.025674,-0.003416,0.003420,0.905876,0.423515,0.000000,0.000000,0.000000,10.014119,-20.702001,1.136776,map,1,9.316667,2
1628250045.477761,16.016457,-15.739507,-0.041555,-0.000701,-0.002224,0.876764,0.480915,0.000000,0.000000,0.000000,10.014119,-20.702001,1.136776,map,1,9.316667,2
1628250045.990250,15.475286,-14.884485,-0.019628,-0.000364,-0.001826,0.846573,0.532270,0.000000,0.000000,0.000000,9.537332,-18.777688,1.257782,map,1,9.296667,2
1628250046.477805,15.039685,-13.939583,-0.019239,-0.002068,-0.000468,0.824451,0.565930,0.000000,0.000000,0.000000,9.537332,-18.777688,1.257782,map,1,9.296667,2
1628250047.490446,14.520238,-12.459414,-0.019502,-0.005315,0.008742,0.846389,0.532466,0.000000,0.000000,0.000000,9.373994,-16.958166,1.387787,map,1,9.353333,2
1628250048.990530,14.332005,-11.878004,-0.031321,0.006820,-0.002788,0.896116,0.443760,0.000000,0.000000,0.000000,9.302225,-15.548178,1.576791,map,1,9.326667,2
1628250049.478156,13.974427,-11.409979,-0.039391,0.013640,-0.001230,0.941481,0.336788,0.000000,0.000000,0.000000,9.302225,-15.548178,1.576791,map,1,9.326667,2
1628250049.978136,13.362086,-10.956113,-0.008410,-0.001667,0.010314,0.976887,0.213502,0.000000,0.000000,0.000000,8.651266,-14.511921,1.322794,map,1,9.363333,2
1628250050.490702,12.680349,-10.662530,-0.031967,0.001190,0.008684,0.995403,0.095375,0.000000,0.000000,0.000000,8.651266,-14.511921,1.322794,map,1,9.363333,2
1628250051.003231,12.002354,-10.555079,-0.023007,-0.002485,0.010048,0.999734,-0.020587,0.000000,0.000000,0.000000,7.415155,-13.776481,1.041798,map,1,9.393333,2
1628250051.490784,11.312527,-10.541598,-0.019084,-0.002826,0.009462,0.991490,-0.129811,0.000000,0.000000,0.000000,7.415155,-13.776481,1.041798,map,1,9.393333,2
1628250052.003362,10.784434,-10.647332,-0.029028,-0.003276,0.007133,0.972569,-0.232481,0.000000,0.000000,0.000000,6.181634,-13.605222,0.956799,map,1,9.440000,2
1628250052.503455,10.299367,-10.934532,-0.034573,-0.006235,0.005200,0.942179,-0.335013,0.000000,0.000000,0.000000,5.115113,-13.966989,0.991800,map,1,9.486667,2
1628250052.990968,9.829688,-11.309475,-0.033217,-0.008239,0.005732,0.899273,-0.437273,0.000000,0.000000,0.000000,5.115113,-13.966989,0.991800,map,1,9.486667,2
1628250053.491013,9.429319,-11.784811,-0.048485,0.009260,-0.006505,-0.839997,0.542473,0.000000,0.000000,0.000000,5.115113,-13.966989,0.991800,map,1,9.486667,2
1628250053.991027,9.136472,-12.353146,-0.042538,0.007137,-0.008251,-0.764889,0.644070,0.000000,0.000000,0.000000,4.314672,-14.741922,1.197799,map,1,9.506667,2
1628250054.503601,8.974770,-12.917170,-0.044519,0.008087,-0.008804,-0.673001,0.739545,0.000000,0.000000,0.000000,3.968441,-15.833851,1.268797,map,1,9.660000,2
1628250055.003611,9.074957,-13.504258,-0.046117,0.008524,-0.008025,-0.590789,0.806741,0.000000,0.000000,0.000000,3.968441,-15.833851,1.268797,map,1,9.660000,2
1628250055.991248,9.474532,-14.624394,-0.020488,0.007988,-0.011662,-0.458148,0.888764,0.000000,0.000000,0.000000,3.970673,-17.014922,1.263794,map,1,9.926667,2
1628250057.016299,10.232617,-15.571023,-0.036181,0.012395,-0.003020,-0.312405,0.949863,0.000000,0.000000,0.000000,4.397297,-18.148416,1.300790,map,0,10.150000,1
1628250058.003937,11.290932,-16.188489,-0.030889,0.008106,-0.002981,-0.189636,0.981817,0.000000,0.000000,0.000000,5.161582,-19.061469,1.451787,map,0,10.300000,1
1628250059.004023,12.389554,-16.576960,-0.025891,0.007650,-0.002849,-0.208627,0.977961,0.000000,0.000000,0.000000,5.926429,-19.892643,1.310784,map,0,10.480000,1
1628250060.016617,13.447576,-17.053682,-0.026676,0.005879,-0.003029,-0.230122,0.973139,0.000000,0.000000,0.000000,6.713802,-20.644217,1.168781,map,0,10.743333,1
1628250061.016671,14.439542,-17.535971,-0.027929,0.005761,-0.002569,-0.292944,0.956109,0.000000,0.000000,0.000000,7.472685,-21.402477,1.082777,map,0,10.876667,1
1628250062.016745,15.334003,-18.149178,-0.036820,0.004931,-0.000977,-0.358895,0.933364,0.000000,0.000000,0.000000,8.249392,-22.201143,1.024774,map,0,10.883333,1
1628250063.029363,16.093464,-18.868980,-0.040301,0.005077,-0.003920,-0.284941,0.958524,0.000000,0.000000,0.000000,8.958454,-23.060273,1.032770,map,0,10.873333,1
1628250064.029490,17.094567,-19.461983,-0.031360,0.001147,-0.004939,-0.316779,0.948486,0.000000,0.000000,0.000000,9.751791,-23.884761,1.057765,map,0,10.860000,1
1628250065.017076,18.233467,-20.355040,-0.021882,0.001798,-0.003179,-0.381157,0.924503,0.000000,0.000000,0.000000,10.636065,-25.022322,0.957760,map,0,10.816667,1
1628250066.029592,19.497451,-21.666249,-0.031601,0.001124,-0.002130,-0.440128,0.897932,0.000000,0.000000,0.000000,11.300351,-26.754005,0.993752,map,0,10.766667,1
1628250067.042189,20.653967,-23.194954,-0.036315,0.001048,-0.001186,-0.502710,0.864454,0.000000,0.000000,0.000000,11.765843,-28.628949,0.896743,map,0,10.530000,1
1628250068.029770,21.454232,-24.609304,-0.038925,0.009604,-0.003454,-0.354324,0.935067,0.000000,0.000000,0.000000,12.355328,-30.333598,0.729734,map,0,10.406667,1
1628250068.542361,22.197808,-25.239323,-0.042645,0.008796,-0.002497,-0.267447,0.963529,0.000000,0.000000,0.000000,13.313912,-31.758409,0.980725,map,0,10.366667,1
1628250069.529889,23.805768,-26.123494,-0.032930,0.004168,-0.002891,-0.237654,0.971337,0.000000,0.000000,0.000000,14.531215,-32.973872,1.012716,map,0,10.273333,1
1628250070.517471,25.414432,-26.914920,-0.031244,0.002430,-0.001676,-0.228601,0.973516,0.000000,0.000000,0.000000,15.833423,-34.251153,0.643706,map,0,10.206667,1
1628250071.530058,27.120753,-27.700849,-0.029707,0.008103,-0.001553,-0.132393,0.991163,0.000000,0.000000,0.000000,17.304182,-35.459153,0.609696,map,0,10.156667,1
1628250072.042606,28.203811,-28.021676,-0.036632,-0.003079,0.000140,-0.172765,0.984958,0.000000,0.000000,0.000000,17.304182,-35.459153,0.609696,map,0,10.156667,1
1628250072.530145,29.146138,-28.385651,-0.032808,-0.008055,0.001667,-0.257071,0.966357,0.000000,0.000000,0.000000,18.722172,-36.820735,0.657684,map,0,10.103333,1
1628250073.542762,30.740838,-29.423469,-0.036107,-0.007736,0.007519,-0.373156,0.927706,0.000000,0.000000,0.000000,19.652268,-38.252230,0.576673,map,0,10.063333,1
1628250074.542799,31.817134,-30.478140,-0.042144,-0.004850,0.007872,-0.419898,0.907524,0.000000,0.000000,0.000000,20.230814,-39.290619,0.654665,map,0,10.023333,1
1628250076.042936,32.655812,-31.471718,-0.050272,-0.004909,0.006300,-0.452191,0.891885,0.000000,0.000000,0.000000,20.517805,-40.048154,0.760659,map,0,10.013333,1
1628250077.543038,33.483291,-32.638227,-0.057701,-0.004516,0.004855,-0.479849,0.877326,0.000000,0.000000,0.000000,21.030175,-41.874942,0.801646,map,1,9.920000,2
1628250079.043198,34.124859,-33.588634,-0.054583,-0.000515,0.006083,-0.501556,0.865103,0.000000,0.000000,0.000000,21.168126,-42.496534,1.032641,map,1,9.856667,2
1628250081.055828,34.489278,-34.250655,-0.066760,-0.000636,0.006134,-0.512254,0.858812,0.000000,0.000000,0.000000,21.352388,-43.151843,0.994637,map,1,9.843333,2
1628250083.068520,34.599981,-34.412262,-0.064616,-0.001155,0.006260,-0.515480,0.856878,0.000000,0.000000,0.000000,21.374419,-43.332457,0.753635,map,1,9.773333,2
1628250085.568675,35.312792,-35.777731,-0.091014,0.004657,0.001431,-0.482892,0.875667,0.000000,0.000000,0.000000,21.977097,-45.375855,0.726619,map,1,9.726667,2
1628250086.568795,36.002305,-36.705186,-0.091254,0.008787,0.001729,-0.359781,0.932994,0.000000,0.000000,0.000000,22.587711,-46.451306,0.748609,map,1,9.756667,2
1628250087.581317,36.990238,-37.502656,-0.095035,0.004882,0.001136,-0.281809,0.959457,0.000000,0.000000,0.000000,23.460692,-47.539497,0.690598,map,1,9.793333,2
1628250088.568899,38.214878,-38.346320,-0.104329,-0.000081,0.000186,-0.381843,0.924227,0.000000,0.000000,0.000000,24.313603,-48.914792,0.770585,map,1,9.803333,2
1628250089.581516,39.523937,-39.697307,-0.120384,0.003461,-0.001929,-0.384801,0.922991,0.000000,0.000000,0.000000,25.233104,-50.571716,0.631568,map,1,9.833333,2
1628250090.569034,40.906638,-41.058521,-0.117922,0.005958,-0.004378,-0.335419,0.942040,0.000000,0.000000,0.000000,26.407253,-52.235760,0.569550,map,1,9.843333,2
1628250091.569120,42.545513,-42.350114,-0.124051,0.004411,-0.003095,-0.255057,0.966911,0.000000,0.000000,0.000000,27.835350,-53.632124,0.379532,map,1,9.846667,2
1628250092.081672,43.407700,-42.903995,-0.127279,0.008535,-0.002893,-0.135310,0.990762,0.000000,0.000000,0.000000,27.835350,-53.632124,0.379532,map,1,9.846667,2
1628250092.594239,44.343356,-43.096294,-0.122460,0.010011,-0.002028,0.002750,0.999944,0.000000,0.000000,0.000000,29.492909,-54.372694,0.547519,map,1,9.840000,2
1628250093.081733,45.136275,-42.878415,-0.109440,0.007248,0.002179,0.129881,0.991501,0.000000,0.000000,0.000000,29.492909,-54.372694,0.547519,map,1,9.840000,2
1628250094.081815,46.497431,-42.444694,-0.102316,-0.005056,0.010609,0.128854,0.991594,0.000000,0.000000,0.000000,30.813655,-54.456598,0.671511,map,1,9.800000,2
1628250096.094488,46.180487,-42.602079,-0.113700,-0.004024,0.002147,0.166125,0.986094,0.000000,0.000000,0.000000,30.794078,-54.483489,0.903511,map,1,9.603333,2
1628250097.582130,45.621362,-42.958913,-0.114385,-0.005687,0.000396,0.253076,0.967430,0.000000,0.000000,0.000000,29.909722,-54.676176,1.106514,map,1,9.600000,2
1628250098.582139,45.163650,-43.435134,-0.122675,-0.003654,-0.001365,0.362284,0.932059,0.000000,0.000000,0.000000,29.290187,-55.089107,1.381513,map,1,9.693333,2
1628250099.607196,44.683875,-43.943223,-0.126149,-0.000615,-0.005321,0.472003,0.881580,0.000000,0.000000,0.000000,29.176300,-55.294191,1.547512,map,1,9.780000,2
1628250100.582308,44.800275,-43.938094,-0.120620,0.007113,-0.008575,0.550460,0.834787,0.000000,0.000000,0.000000,29.710861,-54.641103,1.401515,map,1,9.816667,2
1628250101.107341,45.180153,-43.432630,-0.118357,0.008824,-0.001080,0.693268,0.720625,0.000000,0.000000,0.000000,29.710861,-54.641103,1.401515,map,1,9.816667,2
1628250101.582398,45.115338,-42.356187,-0.123257,0.009624,0.008634,0.820088,0.572092,0.000000,0.000000,0.000000,29.760830,-53.388328,1.523525,map,1,9.780000,2
1628250102.107373,44.792965,-41.778765,-0.112050,0.004402,0.006856,0.907278,0.420452,0.000000,0.000000,0.000000,29.760830,-53.388328,1.523525,map,1,9.780000,2
1628250103.107442,43.821521,-40.836304,-0.127410,0.000102,0.004730,0.946611,0.322344,0.000000,0.000000,0.000000,29.149583,-52.216417,1.515538,map,1,9.793333,2
1628250104.595096,42.621529,-40.113199,-0.130105,0.003288,0.001637,0.953164,0.302431,0.000000,0.000000,0.000000,27.780710,-50.479165,1.057558,map,1,9.723333,2
1628250105.607604,41.640677,-39.352334,-0.119314,0.003187,0.001671,0.945128,0.326681,0.000000,0.000000,0.000000,26.964636,-49.199263,0.825571,map,1,9.693333,2
1628250106.595193,40.345929,-38.364434,-0.111080,0.004186,0.002674,0.968066,0.250648,0.000000,0.000000,0.000000,25.931316,-47.925758,0.707585,map,1,9.690000,2
1628250107.620311,38.918870,-37.683148,-0.111701,0.003969,0.000182,0.974336,0.225064,0.000000,0.000000,0.000000,24.734219,-46.779869,0.808599,map,1,9.713333,2
1628250108.620394,37.290908,-36.948794,-0.095581,0.005563,-0.002557,0.971806,0.235704,0.000000,0.000000,0.000000,23.389274,-45.512617,0.900613,map,1,9.713333,2
1628250109.620469,35.460502,-36.149006,-0.068022,0.002916,0.001909,0.987983,0.154526,0.000000,0.000000,0.000000,21.979631,-44.253115,0.727627,map,1,9.676667,2
1628250110.620467,33.639951,-35.527875,-0.083395,0.000594,-0.014521,0.949470,0.313522,0.000000,0.000000,0.000000,20.802604,-42.820118,0.473641,map,1,9.663333,2
1628250111.120510,32.828609,-34.910621,-0.068801,-0.002073,-0.014993,0.902535,0.430351,0.000000,0.000000,0.000000,20.802604,-42.820118,0.473641,map,1,9.663333,2
1628250111.608088,32.281042,-34.186175,-0.062191,-0.002987,-0.012662,0.859770,0.510515,0.000000,0.000000,0.000000,20.280761,-41.055006,0.511654,map,1,9.556667,2
1628250112.620597,31.443039,-32.468726,-0.047941,0.001185,-0.009711,0.832780,0.553517,0.000000,0.000000,0.000000,20.080581,-39.140091,0.686666,map,1,9.446667,2
1628250113.608199,30.659563,-30.641049,-0.035977,0.003923,-0.003018,0.840959,0.541076,0.000000,0.000000,0.000000,19.873243,-37.137676,0.545679,map,1,9.393333,2
1628250114.633233,29.765038,-28.855945,-0.037528,0.002696,0.005246,0.899496,0.436890,0.000000,0.000000,0.000000,19.243901,-35.212007,0.531691,map,1,9.350000,2
1628250115.120766,29.095078,-28.046457,-0.035517,0.003026,0.005375,0.927075,0.374824,0.000000,0.000000,0.000000,19.243901,-35.212007,0.531691,map,1,9.350000,2
1628250115.620832,28.255367,-27.300923,-0.031854,0.002300,0.002194,0.932283,0.361716,0.000000,0.000000,0.000000,18.268549,-33.404699,0.532704,map,1,9.333333,2
1628250116.120822,27.488402,-26.601477,-0.029813,0.002008,0.001613,0.932358,0.361527,0.000000,0.000000,0.000000,18.268549,-33.404699,0.532704,map,1,9.333333,2
1628250116.633470,26.720282,-25.935633,-0.033514,0.001678,0.001773,0.934281,0.356529,0.000000,0.000000,0.000000,17.239167,-31.558051,0.427716,map,1,9.310000,2
1628250117.120900,25.912222,-25.231014,-0.033011,-0.000177,0.001243,0.929229,0.369502,0.000000,0.000000,0.000000,17.239167,-31.558051,0.427716,map,1,9.310000,2
1628250117.633473,25.124564,-24.510429,-0.025019,0.000917,-0.002785,0.909509,0.415674,0.000000,0.000000,0.000000,16.371809,-29.651084,0.312727,map,1,9.290000,2
1628250118.121018,24.430710,-23.720717,-0.034052,0.001269,-0.003646,0.889985,0.455974,0.000000,0.000000,0.000000,16.371809,-29.651084,0.312727,map,1,9.290000,2
1628250118.646034,23.843248,-22.888728,-0.032929,-0.000377,-0.002804,0.870694,0.491817,0.000000,0.000000,0.000000,15.834463,-27.696394,0.302737,map,1,9.190000,2
1628250119.121105,23.299797,-22.010255,-0.028344,-0.001068,-0.003092,0.854186,0.519957,0.000000,0.000000,0.000000,15.834463,-27.696394,0.302737,map,1,9.190000,2
1628250120.121111,22.325477,-20.381789,-0.027324,0.003231,0.014516,0.954033,0.299334,0.000000,0.000000,0.000000,15.134462,-25.705561,0.050747,map,1,9.096667,2
1628250120.646116,21.495016,-19.798171,-0.029667,0.002937,0.014476,0.989749,0.142050,0.000000,0.000000,0.000000,13.836957,-24.308273,0.329756,map,1,9.060000,2
1628250121.133667,20.339532,-19.343287,-0.043626,0.003639,0.000339,0.985727,0.168314,0.000000,0.000000,0.000000,13.836957,-24.308273,0.329756,map,1,9.060000,2
1628250121.633679,19.304281,-19.015370,-0.030018,-0.000203,-0.007476,0.956719,0.290917,0.000000,0.000000,0.000000,12.431460,-23.010642,0.287764,map,1,9.126667,2
1628250122.133728,18.541439,-18.501956,-0.028871,-0.004396,-0.007596,0.909015,0.416670,0.000000,0.000000,0.000000,12.431460,-23.010642,0.287764,map,1,9.126667,2
1628250123.133791,17.270585,-16.968426,-0.011148,0.005658,-0.004238,0.882132,0.470950,0.000000,0.000000,0.000000,11.571261,-21.191174,0.475771,map,1,9.203333,2
1628250124.146362,16.219175,-15.405661,-0.020728,0.004756,0.004243,0.891349,0.453274,0.000000,0.000000,0.000000,11.111734,-19.389144,0.732778,map,1,9.260000,2
1628250124.633942,15.768900,-14.691883,-0.019638,0.005596,0.011538,0.940158,0.340496,0.000000,0.000000,0.000000,10.393488,-17.796460,0.596784,map,1,9.353333,2
1628250125.146469,15.095079,-14.152786,-0.032275,0.003280,0.012720,0.978882,0.204006,0.000000,0.000000,0.000000,10.393488,-17.796460,0.596784,map,1,9.353333,2
1628250125.658949,14.258476,-13.801734,-0.032446,-0.000757,0.012298,0.998048,0.061230,0.000000,0.000000,0.000000,9.172745,-16.893923,0.575788,map,1,9.450000,2
1628250126.133997,13.449603,-13.735841,-0.036149,-0.003758,0.012116,0.995364,-0.095344,0.000000,0.000000,0.000000,9.172745,-16.893923,0.575788,map,1,9.450000,2
1628250126.634067,12.645630,-13.801021,-0.012738,-0.004614,0.012145,0.965525,-0.259986,0.000000,0.000000,0.000000,7.900138,-16.954780,0.793790,map,1,9.543333,2
1628250127.634141,11.641019,-14.342020,-0.023988,-0.008594,-0.005407,0.969655,-0.244266,0.000000,0.000000,0.000000,7.109597,-17.229485,0.942790,map,1,9.663333,2
1628250129.646760,11.519789,-14.495884,-0.029540,-0.006774,-0.002592,0.977148,-0.212434,0.000000,0.000000,0.000000,7.107842,-17.296781,1.206790,map,1,9.956667,2
1628250130.646772,11.910352,-14.269179,-0.024114,-0.005932,-0.002740,0.950978,-0.309188,0.000000,0.000000,0.000000,7.496587,-17.168391,1.276790,map,0,10.073333,1
1628250131.659333,12.280745,-13.762779,-0.019622,-0.000401,-0.002640,0.895261,-0.445533,0.000000,0.000000,0.000000,7.814040,-16.878378,1.118790,map,0,10.213333,1
1628250132.646893,12.494321,-13.313884,-0.019176,0.002296,0.002816,-0.836780,0.547527,0.000000,0.000000,0.000000,7.940350,-16.558910,0.999791,map,0,10.223333,1
1628250133.672002,12.552473,-12.901009,-0.027347,0.000403,0.004824,-0.772763,0.634677,0.000000,0.000000,0.000000,8.091570,-16.189007,0.993791,map,0,10.183333,1
1628250134.647054,12.535463,-12.420304,-0.008017,-0.001874,0.004937,-0.691015,0.722821,0.000000,0.000000,0.000000,8.214234,-15.647452,1.069792,map,0,10.060000,1
1628250135.659568,12.391311,-11.932697,-0.025577,-0.000557,0.002780,-0.573875,0.818938,0.000000,0.000000,0.000000,8.129124,-15.050619,1.158794,map,0,10.023333,1
1628250137.159676,12.350742,-11.903276,-0.034908,-0.004670,-0.007620,-0.472990,0.881023,0.000000,0.000000,0.000000,8.169540,-15.189762,1.253793,map,0,10.006667,1
1628250137.659735,12.650730,-12.337065,-0.023609,0.001079,-0.007111,-0.391050,0.920342,0.000000,0.000000,0.000000,8.581289,-16.230138,1.329790,map,1,10.000000,2
1628250138.659849,13.613047,-13.337284,-0.016066,-0.004287,0.003724,-0.483115,0.875538,0.000000,0.000000,0.000000,8.991844,-17.255931,1.495787,map,0,10.076667,1
1628250139.672331,14.180962,-14.328809,-0.024716,-0.004462,-0.002651,-0.517485,0.855677,0.000000,0.000000,0.000000,9.145997,-18.341898,1.282784,map,0,10.193333,1
1628250140.659909,14.946445,-15.528447,-0.030608,-0.000332,-0.000936,-0.409020,0.912525,0.000000,0.000000,0.000000,9.596475,-19.767049,1.379779,map,0,10.286667,1
1628250141.659952,16.211340,-16.742929,-0.014166,-0.000247,0.001733,-0.337607,0.941285,0.000000,0.000000,0.000000,10.404330,-21.301547,1.364773,map,0,10.346667,1
1628250142.172541,17.072673,-17.409483,-0.018277,0.001395,-0.000543,-0.266921,0.963717,0.000000,0.000000,0.000000,10.404330,-21.301547,1.364773,map,0,10.346667,1
1628250143.185035,18.542764,-18.148762,-0.013003,-0.009766,0.000499,-0.313471,0.949547,0.000000,0.000000,0.000000,11.599175,-22.774949,1.255766,map,0,10.390000,1
1628250143.672566,19.422124,-18.709404,-0.017226,-0.012330,0.004345,-0.407216,0.913238,0.000000,0.000000,0.000000,12.481269,-24.418358,1.317758,map,0,10.350000,1
1628250144.160136,20.094604,-19.425204,-0.025362,-0.011578,0.005791,-0.494943,0.868829,0.000000,0.000000,0.000000,12.481269,-24.418358,1.317758,map,0,10.350000,1
1628250144.660161,20.656448,-20.322043,-0.041883,-0.008169,0.003479,-0.544442,0.838751,0.000000,0.000000,0.000000,12.939673,-26.384143,1.235750,map,0,10.250000,1
1628250145.172689,21.047226,-21.262754,-0.024702,-0.002007,0.001271,-0.525418,0.850841,0.000000,0.000000,0.000000,12.939673,-26.384143,1.235750,map,0,10.250000,1
1628250145.685184,21.518589,-22.167255,-0.038758,0.005331,0.000916,-0.498898,0.866644,0.000000,0.000000,0.000000,13.481159,-28.300705,1.282741,map,0,10.170000,1
1628250146.685242,22.472261,-23.650981,-0.029358,0.002406,0.002354,-0.454091,0.890949,0.000000,0.000000,0.000000,14.005878,-29.834768,1.181733,map,0,10.100000,1
1628250147.685308,23.095520,-24.480628,-0.027841,0.002118,0.003931,-0.428268,0.903641,0.000000,0.000000,0.000000,14.389070,-30.703491,1.084728,map,0,10.050000,1
1628250149.685504,23.645003,-25.152104,-0.036388,0.000234,-0.000279,-0.405467,0.914110,0.000000,0.000000,0.000000,14.791909,-31.723664,1.048722,map,1,9.946667,2
1628250151.198075,24.745238,-26.295000,-0.025761,0.000972,-0.002115,-0.359485,0.933148,0.000000,0.000000,0.000000,15.224991,-32.669854,0.742716,map,1,9.896667,2
1628250152.185621,25.708655,-27.089331,-0.028970,0.001306,-0.000903,-0.333569,0.942724,0.000000,0.000000,0.000000,15.840936,-33.721759,0.585709,map,1,9.883333,2
1628250153.185679,26.837748,-27.946153,-0.037145,-0.002359,-0.001855,-0.364549,0.931179,0.000000,0.000000,0.000000,16.571469,-34.843380,0.632701,map,1,9.890000,2
1628250154.198256,28.072419,-29.069208,-0.023468,-0.000441,-0.000142,-0.396830,0.917892,0.000000,0.000000,0.000000,17.388732,-36.137865,0.698692,map,1,9.806667,2
1628250155.198250,29.298826,-30.425903,-0.027001,0.002813,-0.000149,-0.412945,0.910752,0.000000,0.000000,0.000000,18.183538,-37.690287,0.574681,map,1,9.716667,2
1628250156.198308,30.525254,-31.787500,-0.046051,0.007874,-0.001364,-0.329120,0.944254,0.000000,0.000000,0.000000,18.974834,-39.377298,0.402668,map,1,9.696667,2
1628250157.210920,32.081604,-32.768433,-0.063231,0.005049,-0.000393,-0.250627,0.968070,0.000000,0.000000,0.000000,20.054533,-40.862860,0.303656,map,1,9.683333,2
1628250158.198453,33.801791,-33.820183,-0.062093,-0.006040,0.005459,-0.365598,0.930737,0.000000,0.000000,0.000000,21.253522,-42.298133,0.287642,map,1,9.700000,2
1628250159.211093,35.251788,-35.258422,-0.090139,-0.003180,-0.001657,-0.440780,0.897608,0.000000,0.000000,0.000000,22.230630,-44.038145,0.219627,map,1,9.703333,2
1628250160.198634,36.345404,-36.859500,-0.085298,0.005262,0.002698,-0.441731,0.897128,0.000000,0.000000,0.000000,22.832047,-45.888623,0.295612,map,1,9.676667,2
1628250161.198634,37.722010,-38.385210,-0.109298,0.009094,0.000946,-0.284474,0.958640,0.000000,0.000000,0.000000,23.657799,-47.641864,0.306597,map,1,9.700000,2
1628250161.723626,38.645811,-38.884330,-0.112186,0.006734,0.001958,-0.250836,0.968004,0.000000,0.000000,0.000000,24.931028,-49.186047,0.326580,map,1,9.770000,2
1628250162.223712,39.580172,-39.386922,-0.124845,0.002581,0.000323,-0.285231,0.958455,0.000000,0.000000,0.000000,24.931028,-49.186047,0.326580,map,1,9.770000,2
1628250163.211216,41.045584,-40.459490,-0.112418,0.000580,0.002609,-0.434515,0.900660,0.000000,0.000000,0.000000,25.959083,-50.661434,0.204564,map,1,9.793333,2
1628250164.223775,41.884187,-41.526614,-0.111595,0.002840,0.001106,-0.392604,0.919702,0.000000,0.000000,0.000000,26.453495,-52.091140,0.316551,map,1,9.840000,2
1628250164.711309,42.337416,-41.951018,-0.124787,0.005046,-0.003171,-0.283828,0.958857,0.000000,0.000000,0.000000,27.163891,-53.321527,0.332538,map,1,9.890000,2
1628250165.211337,42.825295,-42.347972,-0.116566,0.010511,-0.003332,-0.102291,0.994693,0.000000,0.000000,0.000000,27.163891,-53.321527,0.332538,map,1,9.890000,2
1628250165.723858,43.627299,-42.558774,-0.101516,0.013312,-0.002517,0.110929,0.993736,0.000000,0.000000,0.000000,28.494879,-53.796892,0.308528,map,1,9.900000,2
1628250166.723998,45.178823,-42.236989,-0.104285,-0.005203,0.007680,0.134602,0.990856,0.000000,0.000000,0.000000,29.378675,-53.686085,0.420525,map,1,9.796667,2
1628250169.236467,44.651429,-42.437736,-0.115867,-0.003429,0.004429,0.228128,0.973615,0.000000,0.000000,0.000000,29.026702,-53.731535,0.708526,map,1,9.686667,2
1628250170.236281,44.327004,-42.785102,-0.114418,-0.003642,-0.000115,0.321622,0.946861,0.000000,0.000000,0.000000,28.599996,-53.928287,0.867526,map,1,9.776667,2
1628250171.236237,43.850544,-43.268716,-0.117214,-0.003525,-0.002903,0.458468,0.888699,0.000000,0.000000,0.000000,28.049298,-54.295337,1.095526,map,1,9.843333,2
1628250172.736029,43.746843,-43.611908,-0.123192,0.004561,-0.010413,0.553877,0.832521,0.000000,0.000000,0.000000,27.802508,-54.650516,1.433524,map,1,9.916667,2
1628250173.235935,43.891683,-43.093801,-0.109400,0.006113,-0.006495,0.660547,0.750732,0.000000,0.000000,0.000000,27.802508,-54.650516,1.433524,map,1,9.916667,2
1628250173.723342,43.948644,-42.539740,-0.112641,0.006427,0.001431,0.785477,0.618856,0.000000,0.000000,0.000000,28.218203,-53.609165,1.298531,map,1,9.953333,2
1628250174.273267,43.899573,-42.074995,-0.115270,0.004009,0.008132,0.874930,0.484164,0.000000,0.000000,0.000000,28.218203,-53.609165,1.298531,map,1,9.953333,2
1628250174.735706,43.594477,-41.451271,-0.134828,0.003814,0.006240,0.913948,0.405765,0.000000,0.000000,0.000000,27.954792,-52.429938,1.550542,map,1,9.953333,2
1628250175.735641,42.681776,-40.556888,-0.123610,0.004415,0.004250,0.950639,0.310237,0.000000,0.000000,0.000000,27.319897,-51.501383,1.622552,map,1,9.943333,2
1628250176.760500,41.691380,-39.773542,-0.124171,0.001717,0.001089,0.944314,0.329040,0.000000,0.000000,0.000000,26.618481,-50.469537,1.599563,map,1,9.886667,2
1628250177.747895,40.553392,-38.865466,-0.121731,0.002655,-0.001657,0.921390,0.388628,0.000000,0.000000,0.000000,25.887807,-48.991239,1.522578,map,1,9.810000,2
1628250178.760227,39.212003,-37.666272,-0.108663,0.005038,0.001487,0.958700,0.284370,0.000000,0.000000,0.000000,24.845438,-47.340855,1.441594,map,1,9.766667,2
1628250179.260222,38.360665,-37.077992,-0.097642,0.007153,-0.002957,0.965779,0.259252,0.000000,0.000000,0.000000,24.845438,-47.340855,1.441594,map,1,9.766667,2
1628250179.747652,37.498522,-36.550119,-0.098187,0.006009,-0.003728,0.959905,0.280236,0.000000,0.000000,0.000000,23.542527,-45.788776,1.649610,map,1,9.746667,2
1628250180.747577,35.837198,-35.444886,-0.116063,-0.001673,-0.007642,0.919726,0.392482,0.000000,0.000000,0.000000,22.443743,-44.069888,1.769626,map,1,9.706667,2
1628250181.747380,34.475260,-34.035089,-0.073756,0.003718,-0.002103,0.925478,0.378776,0.000000,0.000000,0.000000,21.483195,-42.177360,1.870642,map,1,9.670000,2
1628250182.747368,32.880821,-32.687951,-0.058102,0.002286,-0.002858,0.947299,0.320329,0.000000,0.000000,0.000000,20.361818,-40.359733,1.863658,map,1,9.536667,2
1628250183.747181,31.367099,-31.410558,-0.046345,0.001122,-0.004420,0.905226,0.424905,0.000000,0.000000,0.000000,19.373412,-38.570350,1.717672,map,1,9.400000,2
1628250184.259602,30.700185,-30.655578,-0.035783,0.002146,-0.006512,0.876998,0.480446,0.000000,0.000000,0.000000,19.373412,-38.570350,1.717672,map,1,9.400000,2
1628250184.759617,30.074997,-29.759884,-0.037612,0.001835,0.000422,0.876346,0.481679,0.000000,0.000000,0.000000,18.735159,-36.624477,1.693685,map,1,9.336667,2
1628250185.759501,28.888526,-28.166537,-0.030635,0.003807,0.006481,0.939307,0.342996,0.000000,0.000000,0.000000,17.884429,-34.743332,1.601698,map,1,9.320000,2
1628250186.259420,28.105533,-27.477054,-0.025217,0.000095,-0.003425,0.919796,0.392382,0.000000,0.000000,0.000000,17.884429,-34.743332,1.601698,map,1,9.320000,2
1628250186.771828,27.412661,-26.791602,-0.029523,-0.001632,-0.007261,0.873810,0.486211,0.000000,0.000000,0.000000,17.091241,-32.766938,1.434711,map,1,9.266667,2
1628250187.259285,26.713160,-25.806939,-0.041222,0.000376,-0.002223,0.862480,0.506086,0.000000,0.000000,0.000000,17.091241,-32.766938,1.434711,map,1,9.266667,2
1628250188.271705,25.651857,-24.197320,-0.032797,0.002809,0.004056,0.926196,0.377011,0.000000,0.000000,0.000000,16.508143,-30.696649,1.136722,map,1,9.216667,2
1628250188.746658,24.914043,-23.478903,-0.028185,0.002150,0.000744,0.930821,0.365468,0.000000,0.000000,0.000000,15.605770,-28.805330,1.119733,map,1,9.196667,2
1628250189.259063,24.119787,-22.757060,-0.023914,0.001568,0.001335,0.927683,0.373363,0.000000,0.000000,0.000000,15.605770,-28.805330,1.119733,map,1,9.196667,2
1628250189.759114,23.366341,-22.055685,-0.026013,0.001225,0.000790,0.926605,0.376034,0.000000,0.000000,0.000000,15.605770,-28.805330,1.119733,map,1,9.196667,2
1628250190.271446,22.600641,-21.308187,-0.029150,0.000970,-0.000091,0.925328,0.379168,0.000000,0.000000,0.000000,13.643704,-24.963006,0.862754,map,1,9.166667,2
1628250190.771431,21.840306,-20.566811,-0.034676,-0.000186,0.001041,0.920304,0.391203,0.000000,0.000000,0.000000,13.643704,-24.963006,0.862754,map,1,9.166667,2
1628250191.283853,21.122064,-19.842719,-0.033611,0.001432,0.001447,0.918488,0.395443,0.000000,0.000000,0.000000,13.643704,-24.963006,0.862754,map,1,9.166667,2
1628250191.771379,20.422803,-19.113790,-0.031809,0.002188,0.002668,0.917193,0.398429,0.000000,0.000000,0.000000,12.745473,-23.033559,0.905763,map,1,9.146667,2
1628250192.271296,19.697014,-18.339030,-0.023554,0.000299,0.003234,0.916140,0.400845,0.000000,0.000000,0.000000,12.745473,-23.033559,0.905763,map,1,9.146667,2
1628250192.771212,18.955404,-17.576211,-0.029778,-0.000535,0.002506,0.914888,0.403700,0.000000,0.000000,0.000000,11.935096,-21.113220,1.063771,map,1,9.083333,2
1628250193.258651,18.247529,-16.802224,-0.029903,0.003607,0.002466,0.913791,0.406161,0.000000,0.000000,0.000000,11.935096,-21.113220,1.063771,map,1,9.083333,2
1628250193.771116,17.525537,-16.036286,-0.024949,0.003050,0.004495,0.912792,0.408388,0.000000,0.000000,0.000000,11.056443,-19.156884,1.046779,map,1,9.056667,2
1628250194.283539,16.810353,-15.260431,-0.030831,0.002470,0.004274,0.913387,0.407063,0.000000,0.000000,0.000000,11.056443,-19.156884,1.046779,map,1,9.056667,2
1628250194.758525,16.093182,-14.474152,-0.029382,0.002560,0.004258,0.914237,0.405149,0.000000,0.000000,0.000000,10.242488,-17.192796,0.980785,map,1,9.083333,2
1628250195.258479,15.393031,-13.708457,-0.023434,0.002856,0.002581,0.914993,0.403451,0.000000,0.000000,0.000000,10.242488,-17.192796,0.980785,map,1,9.083333,2
1628250195.770893,14.658076,-12.937178,-0.027765,0.000858,0.002431,0.916355,0.400358,0.000000,0.000000,0.000000,9.437445,-15.248911,0.912791,map,1,9.046667,2
1628250196.270869,13.907821,-12.148802,-0.022878,0.003093,0.002185,0.930774,0.365575,0.000000,0.000000,0.000000,9.437445,-15.248911,0.912791,map,1,9.046667,2
1628250197.295753,12.285631,-10.942866,-0.029910,-0.000219,0.010403,0.983455,0.180854,0.000000,0.000000,0.000000,8.386803,-13.674784,0.845796,map,1,9.053333,2
1628250197.770703,11.301656,-10.563059,-0.031353,-0.001385,0.011208,0.998550,0.052635,0.000000,0.000000,0.000000,6.866294,-12.745989,0.835800,map,1,9.110000,2
1628250198.270657,10.472312,-10.473610,-0.027797,-0.003072,0.011328,0.994903,-0.100150,0.000000,0.000000,0.000000,6.866294,-12.745989,0.835800,map,1,9.110000,2
1628250199.295622,9.069841,-11.010955,-0.015841,-0.001459,-0.011166,0.989063,-0.147065,0.000000,0.000000,0.000000,5.208946,-12.540430,0.747802,map,1,9.176667,2
1628250200.795460,7.837689,-11.342359,-0.048282,-0.009512,-0.001084,0.999313,-0.035814,0.000000,0.000000,0.000000,3.251830,-12.308612,0.554804,map,1,9.300000,2
1628250202.782741,7.225779,-11.409737,-0.053295,0.008922,-0.012012,0.997720,0.065809,0.000000,0.000000,0.000000,2.653421,-12.092342,0.555805,map,1,9.313333,2
1628250204.795090,5.800400,-11.160605,-0.057162,0.009892,-0.012727,0.985924,0.166413,0.000000,0.000000,0.000000,1.038533,-11.163400,0.292807,map,1,9.570000,2
1628250205.795014,4.198154,-10.614226,-0.047605,0.007130,0.015005,0.984369,0.175333,0.000000,0.000000,0.000000,-0.332373,-10.288672,0.168809,map,1,9.720000,2
1628250206.794868,2.491602,-9.953295,0.045718,0.007663,0.007019,0.987052,0.160066,0.000000,0.000000,0.000000,-1.587567,-9.319905,0.258810,map,1,9.910000,2
1628250207.807280,0.696900,-9.412907,-0.064599,-0.001035,-0.003117,0.992344,0.123463,0.000000,0.000000,0.000000,-2.929421,-8.356613,0.307811,map,0,10.070000,1
1628250210.307126,0.019237,-9.269226,-0.014544,-0.007297,-0.006073,0.992928,0.118336,0.000000,0.000000,0.000000,-3.394926,-7.990249,0.297812,map,0,10.390000,1
1628250212.319397,0.024961,-9.272847,-0.014244,-0.007445,-0.006121,0.992947,0.118167,0.000000,0.000000,0.000000,-3.171783,-7.878430,-0.006188,map,0,10.706667,1
1628250214.819185,0.018288,-9.269297,-0.018144,-0.007573,-0.006168,0.992905,0.118507,0.000000,0.000000,0.000000,-2.840715,-7.488614,-0.505188,map,0,11.176667,1
1628250217.319006,0.024911,-9.275369,-0.016538,-0.007579,-0.006077,0.992922,0.118369,0.000000,0.000000,0.000000,-2.891798,-7.396562,-0.994188,map,0,11.376667,1
1628250219.331342,0.015116,-9.264707,-0.015802,-0.007246,-0.006608,0.992929,0.118305,0.000000,0.000000,0.000000,-2.898392,-7.227186,-1.240187,map,0,11.540000,1
1628250221.831195,0.011561,-9.262431,-0.015110,-0.007240,-0.006467,0.992942,0.118201,0.000000,0.000000,0.000000,-2.974385,-7.185569,-1.740187,map,0,11.873333,1
1628250224.331000,0.012275,-9.270334,-0.019089,-0.007644,-0.006297,0.992929,0.118297,0.000000,0.000000,0.000000,-3.521575,-7.418025,-2.111188,map,0,12.016667,1
1628250226.830796,0.022713,-9.273868,-0.019780,-0.007211,-0.006362,0.992900,0.118559,0.000000,0.000000,0.000000,-3.741140,-7.573592,-2.519188,map,0,12.223333,1
1628250228.843172,0.009708,-9.257036,-0.014853,-0.007619,-0.006198,0.992910,0.118462,0.000000,0.000000,0.000000,-3.990948,-7.803141,-2.442188,map,0,12.313333,1
1628250231.355454,0.023623,-9.274397,-0.017950,-0.006859,-0.006001,0.992920,0.118435,0.000000,0.000000,0.000000,-4.131571,-7.947614,-2.635189,map,0,12.400000,1
