timestamp,kf_id,submap_id,hba_x,hba_y,hba_z,hba_qx,hba_qy,hba_qz,hba_qw,gps_valid,gps_x_map,gps_y_map,gps_z_map,gps_enu_x,gps_enu_y,gps_enu_z,gps_hdop,gps_quality
1628249877.636128,0,0,0.001911,-0.007638,-0.007841,0.000368,-0.000367,-0.000818,1.000000,1,0.279732,-0.361552,-0.131304,0.168762,-0.158419,-0.065652,10.273333,2
1628249885.161856,1,0,0.512578,0.024706,-0.003427,0.000262,0.000034,-0.120702,0.992689,1,0.391247,0.060301,0.076348,0.143218,0.277176,0.142000,10.023333,2
1628249886.662025,2,0,1.004151,-0.052073,-0.000972,-0.000684,-0.000358,-0.252371,0.967630,1,0.713524,0.001244,-0.053652,0.467846,0.321524,0.012000,10.013333,2
1628249887.674628,3,0,1.506773,-0.306587,-0.005860,-0.001398,-0.000246,-0.392750,0.919644,1,1.042280,-0.129949,-0.001652,0.821117,0.299350,0.064000,10.043333,2
1628249888.674735,4,0,2.007219,-0.808938,-0.002843,0.000654,0.004394,-0.471101,0.882068,1,1.536061,-0.431967,0.019348,1.384441,0.166306,0.085000,10.016667,2
1628249889.674869,5,0,2.318708,-1.263354,-0.010804,0.000133,0.002468,-0.493371,0.869815,1,2.015585,-0.869329,0.203348,1.976409,-0.099783,0.269000,9.980000,2
1628249890.675001,6,0,2.602293,-1.693193,-0.014650,-0.000207,0.001435,-0.523861,0.851803,1,2.299843,-1.289304,0.197348,2.377419,-0.410220,0.263000,9.966667,2
1628249891.675093,7,0,2.876889,-2.200452,-0.027336,0.000317,0.000646,-0.556420,0.830901,1,2.619092,-1.755763,0.110347,2.826169,-0.753918,0.175999,9.940000,2
1628249892.675194,8,0,3.130049,-2.802327,-0.025689,0.001332,-0.000223,-0.585498,0.810673,1,2.935749,-2.291383,-0.030653,3.294015,-1.164138,0.034999,9.946667,2
1628249893.687811,9,0,3.356851,-3.469005,-0.029561,0.002695,-0.000624,-0.618149,0.786056,1,3.246358,-2.906697,-0.089653,3.780956,-1.651968,-0.024001,9.936667,2
1628249894.687902,10,0,3.483426,-4.209189,-0.022576,0.001529,-0.001867,-0.602334,0.798240,1,3.524998,-3.558198,-0.174654,4.248802,-2.184146,-0.109002,9.940000,2
1628249895.675488,11,0,3.732038,-4.951409,-0.033736,-0.002971,-0.001802,-0.499086,0.866546,1,3.729332,-4.313673,-0.196654,4.678457,-2.838281,-0.131002,10.040000,2
1628249896.688065,12,0,4.181358,-5.621409,-0.021564,-0.003416,-0.000414,-0.415579,0.909551,1,4.067588,-5.089748,-0.075655,5.241781,-3.470242,-0.010003,10.166667,2
1628249897.688207,13,0,4.755294,-6.246952,-0.039026,-0.001883,-0.002434,-0.354717,0.934968,1,4.576487,-5.805122,0.090344,5.948324,-3.991332,0.155996,10.223333,2
1628249898.700832,14,0,5.442934,-6.771233,-0.020849,0.001051,-0.001207,-0.346653,0.937992,1,5.131180,-6.442171,0.244343,6.673963,-4.423726,0.309995,10.270000,2
1628249899.700908,15,0,6.067389,-7.325143,-0.022571,0.004407,-0.001411,-0.375847,0.926670,1,5.761475,-6.940666,0.236342,7.428245,-4.700902,0.301994,10.366667,2
1628249900.713494,16,0,6.495872,-7.733890,-0.018066,0.005658,-0.001015,-0.392179,0.919871,1,6.307960,-7.388327,0.096341,8.087048,-4.955903,0.161993,10.463333,2
1628249901.701113,17,0,7.022814,-8.256802,-0.014896,0.005766,-0.000452,-0.408038,0.912947,1,6.761565,-7.782180,-0.040660,8.640825,-5.188730,0.024992,10.540000,2
1628249902.701176,18,0,7.688723,-9.001202,-0.044799,-0.000333,-0.008917,-0.425692,0.904824,1,7.322306,-8.339535,0.038339,9.347368,-5.543515,0.103991,10.583333,2
1628249903.188781,19,0,8.058795,-9.427601,0.001710,0.006365,0.007999,-0.433198,0.901241,1,8.054552,-9.139851,-0.090663,10.292608,-6.075692,-0.025011,10.600000,2
1628249903.701319,20,0,8.436057,-9.880223,-0.115742,0.004356,0.015460,-0.439051,0.898318,1,8.054552,-9.139851,-0.090663,10.292608,-6.075692,-0.025011,10.600000,2
1628249904.201451,21,0,8.750795,-10.309889,0.035764,-0.005943,-0.011122,-0.436282,0.899722,1,8.802351,-10.015280,-0.202666,11.276039,-6.674391,-0.137013,10.593333,2
1628249904.713922,22,0,9.117165,-10.767797,-0.088443,0.008346,-0.000795,-0.427171,0.904132,1,8.802351,-10.015280,-0.202666,11.276039,-6.674391,-0.137013,10.593333,2
1628249905.201438,23,0,9.494715,-11.209116,-0.047805,0.005602,-0.000937,-0.421115,0.906989,1,5.892025,-13.488259,-0.474320,9.593350,-10.881544,-0.408668,10.616667,2
1628249905.714000,24,0,9.893584,-11.666749,-0.060926,0.002661,-0.004284,-0.413522,0.910480,1,5.892025,-13.488259,-0.474320,9.593350,-10.881544,-0.408668,10.616667,2
1628249906.201530,25,0,10.370414,-12.197227,-0.054153,0.000789,-0.002426,-0.403884,0.914807,1,6.360794,-14.768724,-0.550323,10.437917,-11.952078,-0.484671,10.680000,2
1628249906.714137,26,0,10.898062,-12.775027,-0.066556,-0.003126,-0.009407,-0.392719,0.919605,1,6.360794,-14.768724,-0.550323,10.437917,-11.952078,-0.484671,10.680000,2
1628249907.201639,27,0,11.508575,-13.371395,-0.068726,0.003002,0.005055,-0.380839,0.924623,1,7.116428,-16.287640,-0.358328,11.629385,-13.159758,-0.292676,10.760000,2
1628249907.714195,28,0,12.140584,-13.998890,-0.054264,0.003186,-0.002456,-0.366107,0.930564,1,7.116428,-16.287640,-0.358328,11.629385,-13.159758,-0.292676,10.760000,2
1628249908.214277,29,0,12.810860,-14.585404,-0.045674,0.003051,-0.002140,-0.356066,0.934453,1,8.088391,-17.883050,-0.337333,13.050249,-14.372685,-0.271681,10.766667,2
1628249908.701828,30,0,13.522604,-15.202488,-0.045512,0.000223,-0.002304,-0.351027,0.936362,1,8.088391,-17.883050,-0.337333,13.050249,-14.372685,-0.271681,10.766667,2
1628249909.214341,31,0,14.300698,-15.858231,-0.064384,-0.000122,0.002895,-0.350272,0.936643,1,9.050413,-19.443628,-0.368339,14.450809,-15.555614,-0.302687,10.783333,2
1628249909.726931,32,0,15.076240,-16.481899,-0.073895,-0.005837,-0.002788,-0.363444,0.931594,1,9.050413,-19.443628,-0.368339,14.450809,-15.555614,-0.302687,10.783333,2
1628249910.214498,33,0,15.798986,-17.131901,-0.046683,-0.005138,0.005466,-0.409896,0.912101,1,10.038886,-21.064938,-0.431345,15.895434,-16.788004,-0.365693,10.793333,2
1628249910.714564,34,0,16.449229,-17.841787,-0.071279,-0.009387,0.004483,-0.446271,0.894838,1,10.038886,-21.064938,-0.431345,15.895434,-16.788004,-0.365693,10.793333,2
1628249911.214601,35,0,17.037596,-18.606996,-0.066649,-0.007003,0.003740,-0.475009,0.879945,1,10.921150,-22.814578,-0.226352,17.279146,-18.175437,-0.160700,10.716667,2
1628249911.702150,36,0,17.500472,-19.374485,-0.067986,-0.000584,-0.001171,-0.448718,0.893672,1,10.921150,-22.814578,-0.226352,17.279146,-18.175437,-0.160700,10.716667,2
1628249912.214649,37,0,18.075535,-20.185955,-0.076348,0.004409,-0.000027,-0.377630,0.925946,1,11.663241,-24.722619,-0.211361,18.579048,-19.757074,-0.145709,10.680000,2
1628249912.727204,38,0,18.896783,-20.910182,-0.084293,0.002810,0.001828,-0.342525,0.939503,1,11.663241,-24.722619,-0.211361,18.579048,-19.757074,-0.145709,10.680000,2
1628249913.227285,39,0,19.706496,-21.558620,-0.087459,-0.001450,0.000840,-0.372045,0.928213,1,12.669348,-26.384418,-0.306369,20.053050,-21.022438,-0.240717,10.640000,2
1628249913.727353,40,0,20.413135,-22.220090,-0.079750,-0.002168,0.002455,-0.403447,0.914997,1,12.669348,-26.384418,-0.306369,20.053050,-21.022438,-0.240717,10.640000,2
1628249914.227421,41,0,21.093031,-22.935515,-0.094397,-0.001629,0.000336,-0.423619,0.905839,1,13.569068,-28.078083,-0.385378,21.435898,-22.351244,-0.319726,10.556667,2
1628249914.714931,42,0,21.731331,-23.683593,-0.095665,-0.001451,0.000188,-0.442392,0.896821,1,13.569068,-28.078083,-0.385378,21.435898,-22.351244,-0.319726,10.556667,2
1628249915.239976,43,0,22.314519,-24.436387,-0.102472,0.000330,0.000761,-0.458330,0.888781,1,14.364648,-29.832792,-0.369388,22.738826,-23.770515,-0.303736,10.426667,2
1628249915.727515,44,0,22.909464,-25.267068,-0.107559,0.000040,0.000632,-0.484137,0.874992,1,14.364648,-29.832792,-0.369388,22.738826,-23.770515,-0.303736,10.426667,2
1628249916.240072,45,0,23.454986,-26.081010,-0.110574,0.000505,-0.000523,-0.505208,0.862998,1,14.957393,-31.686065,-0.519398,23.879750,-25.346669,-0.453746,10.310000,2
1628249916.740113,46,0,23.945297,-26.931759,-0.118107,-0.001087,0.000734,-0.508708,0.860938,1,14.957393,-31.686065,-0.519398,23.879750,-25.346669,-0.453746,10.310000,2
1628249917.252715,47,0,24.419488,-27.755574,-0.113823,0.001398,0.001006,-0.486227,0.873831,1,15.506233,-33.534579,-0.653409,24.977473,-26.931986,-0.587757,10.220000,2
1628249917.727726,48,0,24.918973,-28.578000,-0.120606,0.002695,0.000325,-0.451392,0.892322,1,15.506233,-33.534579,-0.653409,24.977473,-26.931986,-0.587757,10.220000,2
1628249918.252756,49,0,25.523846,-29.352089,-0.124689,0.003316,-0.002024,-0.405368,0.914145,1,16.160338,-35.336638,-0.650420,26.160736,-28.440350,-0.584768,10.140000,2
1628249918.727818,50,0,26.180227,-30.065220,-0.131466,0.005876,-0.001863,-0.346027,0.938204,1,16.160338,-35.336638,-0.650420,26.160736,-28.440350,-0.584768,10.140000,2
1628249919.240363,51,0,26.946403,-30.733170,-0.142877,0.006783,-0.002531,-0.289615,0.957116,1,17.210352,-37.003196,-0.796432,27.677940,-29.696549,-0.730780,10.130000,2
1628249919.740501,52,0,27.815395,-31.347887,-0.144228,0.003766,0.000547,-0.278390,0.960461,1,17.210352,-37.003196,-0.796432,27.677940,-29.696549,-0.730780,10.130000,2
1628249920.227980,53,0,28.721196,-31.897945,-0.145430,-0.001696,0.004767,-0.322784,0.946459,1,18.611426,-38.611367,-0.810445,29.510511,-30.787835,-0.744793,10.143333,2
1628249920.740517,54,0,29.524908,-32.517346,-0.151391,-0.004050,0.005008,-0.378917,0.925408,1,18.611426,-38.611367,-0.810445,29.510511,-30.787835,-0.744793,10.143333,2
1628249921.240573,55,0,30.240223,-33.199274,-0.159246,-0.002898,0.007104,-0.419931,0.907524,1,19.886408,-40.278200,-0.989459,31.241560,-31.974167,-0.923807,10.083333,2
1628249921.728118,56,0,30.865118,-33.944372,-0.175137,-0.002143,0.005839,-0.453167,0.891404,1,19.886408,-40.278200,-0.989459,31.241560,-31.974167,-0.923807,10.083333,2
1628249922.240672,57,0,31.409027,-34.680713,-0.180067,-0.002783,0.007549,-0.483546,0.875282,1,20.751222,-42.083811,-1.122473,32.626138,-33.420222,-1.056821,10.023333,2
1628249922.753227,58,0,31.846396,-35.329746,-0.185316,-0.000443,0.007010,-0.508651,0.860944,1,20.751222,-42.083811,-1.122473,32.626138,-33.420222,-1.056821,10.023333,2
1628249923.240778,59,0,32.191227,-35.931464,-0.186415,0.002288,0.008754,-0.528595,0.848826,1,21.221479,-43.571788,-1.258485,33.536806,-34.687465,-1.192833,9.983333,2
1628249923.753321,60,0,32.459824,-36.426851,-0.190459,0.001680,0.006507,-0.541323,0.840788,1,21.221479,-43.571788,-1.258485,33.536806,-34.687465,-1.192833,9.983333,2
1628249924.253407,61,0,32.737913,-36.975249,-0.201674,0.000021,0.004125,-0.544021,0.839061,1,21.538656,-44.768309,-1.322494,34.211166,-35.725492,-1.256842,9.943333,2
1628249924.753434,62,0,33.011637,-37.595506,-0.221872,-0.000743,-0.000419,-0.556750,0.830680,1,21.538656,-44.768309,-1.322494,34.211166,-35.725492,-1.256842,9.943333,2
1628249925.240977,63,0,33.347781,-38.335307,-0.211883,0.003171,0.007562,-0.570992,0.820915,1,21.816786,-46.211349,-1.372505,34.925271,-37.009928,-1.306853,9.923333,2
1628249925.741095,64,0,33.632453,-39.065304,-0.238118,0.008147,0.001481,-0.525225,0.850923,1,21.816786,-46.211349,-1.372505,34.925271,-37.009928,-1.306853,9.923333,2
1628249926.241112,65,0,34.029960,-39.866355,-0.245322,0.009072,0.001863,-0.469590,0.882836,1,22.217227,-47.923222,-1.367519,35.839395,-38.511673,-1.301867,9.903333,2
1628249926.741192,66,0,34.530890,-40.582976,-0.257744,0.010181,0.002136,-0.411815,0.911208,1,22.217227,-47.923222,-1.367519,35.839395,-38.511673,-1.301867,9.903333,2
1628249927.253698,67,0,35.123031,-41.224098,-0.267330,0.010438,0.001989,-0.353794,0.935263,1,22.817310,-49.589227,-1.339534,36.928915,-39.907602,-1.273882,9.943333,2
1628249927.766264,68,0,35.684144,-41.731945,-0.279266,0.012072,0.002771,-0.292654,0.956138,1,22.817310,-49.589227,-1.339534,36.928915,-39.907602,-1.273882,9.943333,2
1628249928.253783,69,0,36.250605,-42.076897,-0.274916,0.014119,0.003160,-0.216401,0.976197,1,23.701697,-50.707391,-1.542546,38.117797,-40.694363,-1.476894,10.023333,2
1628249928.766334,70,0,36.803087,-42.329817,-0.280126,0.012863,-0.001546,-0.111718,0.993655,1,23.701697,-50.707391,-1.542546,38.117797,-40.694363,-1.476894,10.023333,2
1628249929.266383,71,0,37.362895,-42.429128,-0.288392,0.012333,-0.003373,0.009504,0.999873,1,24.610513,-51.389387,-1.838555,39.193925,-41.059074,-1.772903,10.066667,2
1628249929.753979,72,0,38.037255,-42.408450,-0.275324,0.012759,-0.001939,0.158048,0.987347,1,24.610513,-51.389387,-1.838555,39.193925,-41.059074,-1.772903,10.066667,2
1628249930.253982,73,0,38.659459,-42.175212,-0.274598,0.013106,-0.001721,0.326568,0.945081,1,25.761213,-51.726300,-2.020562,40.392312,-41.020495,-1.954910,9.863333,2
1628249930.766629,74,0,39.211011,-41.874359,-0.270978,0.005586,0.005520,0.441436,0.897258,1,25.761213,-51.726300,-2.020562,40.392312,-41.020495,-1.954910,9.863333,2
1628249931.266641,75,0,39.579138,-41.407066,-0.278652,-0.000532,0.009259,0.470830,0.882175,1,27.241655,-51.163461,-2.041563,41.623534,-40.024208,-1.975911,9.683333,2
1628249936.767185,76,0,39.354150,-41.953401,-0.273596,-0.003791,0.000906,0.570676,0.821166,1,27.241655,-51.163461,-2.041563,41.623534,-40.024208,-1.975911,9.683333,2
1628249938.779892,77,0,39.232928,-42.471525,-0.282606,-0.000821,-0.002422,0.628939,0.777450,1,27.241655,-51.163461,-2.041563,41.623534,-40.024208,-1.975911,9.683333,2
1628249941.280097,78,1,39.280341,-41.740025,-0.279778,0.003006,-0.002275,0.725315,0.688407,1,27.241655,-51.163461,-2.041563,41.623534,-40.024208,-1.975911,9.683333,2
1628249941.792637,79,1,39.275279,-40.970154,-0.272235,0.004336,0.003318,0.757559,0.652743,1,27.849802,-50.674838,-2.111562,42.049062,-39.370357,-2.045910,9.613333,2
1628249942.280196,80,1,39.143677,-40.292673,-0.277509,0.002012,0.009866,0.782520,0.622544,1,27.849802,-50.674838,-2.111562,42.049062,-39.370357,-2.045910,9.613333,2
1628249943.280355,81,1,38.948933,-39.550206,-0.279452,0.001844,0.008135,0.813072,0.582103,1,28.112655,-48.624981,-2.870547,41.659822,-37.340702,-2.804895,9.383333,2
1628249944.292898,82,1,38.738395,-38.902442,-0.285821,0.005095,0.003037,0.854157,0.519982,1,28.112655,-48.624981,-2.870547,41.659822,-37.340702,-2.804895,9.383333,2
1628249944.793029,83,1,38.471395,-38.419561,-0.281589,0.009561,0.003599,0.880681,0.473600,1,27.985127,-47.911944,-3.062541,41.316376,-36.702948,-2.996889,9.333333,2
1628249945.280546,84,1,38.169715,-37.916578,-0.266384,0.007775,0.003675,0.902285,0.431054,1,27.662864,-46.931867,-3.254533,40.704654,-35.872165,-3.188881,9.333333,2
1628249945.805598,85,1,37.811749,-37.461222,-0.269838,0.006647,0.004537,0.921946,0.387234,1,27.662864,-46.931867,-3.254533,40.704654,-35.872165,-3.188881,9.333333,2
1628249946.305637,86,1,37.408662,-37.044820,-0.265177,0.008440,0.003304,0.938344,0.345584,1,27.140780,-45.901197,-3.325523,39.887298,-35.055599,-3.259871,9.356667,2
1628249946.805704,87,1,37.034389,-36.706208,-0.252417,0.009181,0.002378,0.951751,0.306726,1,27.140780,-45.901197,-3.325523,39.887298,-35.055599,-3.259871,9.356667,2
1628249947.293216,88,1,36.575208,-36.394332,-0.245121,0.009049,0.002430,0.963175,0.268713,1,26.477400,-45.014343,-3.283514,38.980516,-34.419728,-3.217862,9.390000,2
1628249947.780751,89,1,36.127498,-36.098795,-0.227211,0.007372,0.004956,0.973417,0.228866,1,26.477400,-45.014343,-3.283514,38.980516,-34.419728,-3.217862,9.390000,2
1628249948.305842,90,1,35.586666,-35.815365,-0.247919,0.009737,0.005351,0.982341,0.186769,1,25.707812,-44.255817,-3.184506,38.012822,-33.938899,-3.118854,9.423333,2
1628249948.793389,91,1,34.974455,-35.573968,-0.230645,0.005399,0.003465,0.989307,0.145709,1,21.538656,-44.768309,-1.322494,34.211166,-35.725492,-1.256842,9.943333,2
1628249949.293437,92,1,34.319125,-35.500234,-0.214571,0.007802,0.000484,0.987321,0.158542,1,21.221479,-43.571788,-1.258485,33.536806,-34.687465,-1.192833,9.983333,2
1628249949.793493,93,1,33.660089,-35.305865,-0.213354,0.006954,-0.000253,0.978151,0.207779,1,21.221479,-43.571788,-1.258485,33.536806,-34.687465,-1.192833,9.983333,2
1628249950.305989,94,1,33.044854,-35.066199,-0.204933,0.007415,-0.000559,0.965211,0.261366,1,21.221479,-43.571788,-1.258485,33.536806,-34.687465,-1.192833,9.983333,2
1628249950.793550,95,1,32.386049,-34.700019,-0.196752,0.005415,-0.001192,0.943438,0.331502,1,20.751222,-42.083811,-1.122473,32.626138,-33.420222,-1.056821,10.023333,2
1628249951.306099,96,1,31.743631,-34.188093,-0.194931,0.005973,-0.002175,0.919355,0.393378,1,20.751222,-42.083811,-1.122473,32.626138,-33.420222,-1.056821,10.023333,2
1628249951.793656,97,1,31.164008,-33.562192,-0.183536,0.006024,-0.001918,0.901469,0.432798,1,19.886408,-40.278200,-0.989459,31.241560,-31.974167,-0.923807,10.083333,2
1628249952.306253,98,1,30.647034,-32.915243,-0.170846,0.006908,-0.001855,0.885520,0.464547,1,19.886408,-40.278200,-0.989459,31.241560,-31.974167,-0.923807,10.083333,2
1628249952.793750,99,1,30.152681,-32.127858,-0.166978,0.006902,-0.000195,0.877103,0.480253,1,19.886408,-40.278200,-0.989459,31.241560,-31.974167,-0.923807,10.083333,2
1628249953.306341,100,1,29.631231,-31.311324,-0.159673,0.007865,0.001817,0.888685,0.458447,1,18.611426,-38.611367,-0.810445,29.510511,-30.787835,-0.744793,10.143333,2
1628249953.806403,101,1,29.025689,-30.509510,-0.158101,0.006479,0.003650,0.902158,0.431342,1,18.611426,-38.611367,-0.810445,29.510511,-30.787835,-0.744793,10.143333,2
1628249954.318940,102,1,28.401570,-29.745117,-0.149234,0.004903,0.003545,0.911640,0.410945,1,18.611426,-38.611367,-0.810445,29.510511,-30.787835,-0.744793,10.143333,2
1628249954.806518,103,1,27.733282,-28.985889,-0.145856,0.005680,0.002685,0.921133,0.389196,1,17.210352,-37.003196,-0.796432,27.677940,-29.696549,-0.730780,10.130000,2
1628249955.306550,104,1,26.986113,-28.250457,-0.141883,0.003832,0.001224,0.928152,0.372181,1,16.160338,-35.336638,-0.650420,26.160736,-28.440350,-0.584768,10.140000,2
1628249955.819054,105,1,26.218064,-27.553453,-0.139310,0.004050,0.001521,0.934325,0.356397,1,16.160338,-35.336638,-0.650420,26.160736,-28.440350,-0.584768,10.140000,2
1628249956.319103,106,1,25.448356,-26.874460,-0.137309,0.002970,0.001470,0.940404,0.340042,1,15.506233,-33.534579,-0.653409,24.977473,-26.931986,-0.587757,10.220000,2
1628249956.806648,107,1,24.636999,-26.216334,-0.138956,0.002250,0.000733,0.945625,0.325249,1,14.957393,-31.686065,-0.519398,23.879750,-25.346669,-0.453746,10.310000,2
1628249957.306699,108,1,23.811361,-25.584244,-0.125074,0.003109,-0.000840,0.949595,0.313463,1,14.957393,-31.686065,-0.519398,23.879750,-25.346669,-0.453746,10.310000,2
1628249957.806800,109,1,22.954773,-25.005874,-0.135362,0.004264,-0.002404,0.950596,0.310391,1,14.364648,-29.832792,-0.369388,22.738826,-23.770515,-0.303736,10.426667,2
1628249958.306842,110,1,22.063883,-24.456000,-0.118735,0.000841,-0.004092,0.936968,0.349391,1,14.364648,-29.832792,-0.369388,22.738826,-23.770515,-0.303736,10.426667,2
1628249958.794388,111,1,21.286089,-23.717618,-0.117145,-0.000710,-0.007102,0.913852,0.405985,1,13.569068,-28.078083,-0.385378,21.435898,-22.351244,-0.319726,10.556667,2
1628249959.306942,112,1,20.599424,-22.968073,-0.112366,0.001398,-0.005794,0.897122,0.441743,1,13.569068,-28.078083,-0.385378,21.435898,-22.351244,-0.319726,10.556667,2
1628249959.807005,113,1,19.973921,-22.137275,-0.107807,0.000668,-0.003214,0.881039,0.473031,1,12.669348,-26.384418,-0.306369,20.053050,-21.022438,-0.240717,10.640000,2
1628249960.307011,114,1,19.379815,-21.233933,-0.101309,0.002108,-0.002706,0.864510,0.502605,1,12.669348,-26.384418,-0.306369,20.053050,-21.022438,-0.240717,10.640000,2
1628249960.807086,115,1,18.928921,-20.422067,-0.092762,0.002003,-0.000892,0.856716,0.515783,1,11.663241,-24.722619,-0.211361,18.579048,-19.757074,-0.145709,10.680000,2
1628249961.319603,116,1,18.460719,-19.506407,-0.103966,0.002818,0.008137,0.895426,0.445127,1,11.663241,-24.722619,-0.211361,18.579048,-19.757074,-0.145709,10.680000,2
1628249961.819696,117,1,17.777894,-18.663035,-0.094616,0.003358,0.008506,0.927881,0.372764,1,10.921150,-22.814578,-0.226352,17.279146,-18.175437,-0.160700,10.716667,2
1628249962.307203,118,1,17.062342,-17.998961,-0.092449,0.003613,0.008985,0.952872,0.303219,1,10.921150,-22.814578,-0.226352,17.279146,-18.175437,-0.160700,10.716667,2
1628249962.819790,119,1,16.330903,-17.484521,-0.081133,0.006015,0.007223,0.972151,0.234167,1,10.038886,-21.064938,-0.431345,15.895434,-16.788004,-0.365693,10.793333,2
1628249963.332313,120,1,15.691305,-17.116507,-0.077626,-0.000004,0.011298,0.985325,0.170314,1,10.038886,-21.064938,-0.431345,15.895434,-16.788004,-0.365693,10.793333,2
1628249964.319905,121,1,14.816152,-16.850589,-0.086472,-0.001862,0.003485,0.998477,0.055023,1,10.038886,-21.064938,-0.431345,15.895434,-16.788004,-0.365693,10.793333,2
1628249965.332565,122,1,14.148632,-16.764637,-0.072257,-0.004477,-0.003016,0.999889,0.013872,1,9.050413,-19.443628,-0.368339,14.450809,-15.555614,-0.302687,10.783333,2
1628249966.832652,123,1,14.751723,-16.740592,-0.077652,-0.004204,-0.002788,0.996228,-0.086625,1,10.038886,-21.064938,-0.431345,15.895434,-16.788004,-0.365693,10.793333,2
1628249967.845320,124,1,15.446893,-16.400692,-0.087133,0.002850,-0.001051,0.970270,-0.242006,1,10.038886,-21.064938,-0.431345,15.895434,-16.788004,-0.365693,10.793333,2
1628249968.832884,125,1,15.979451,-15.929956,-0.094975,0.005884,0.000338,0.928100,-0.372285,1,10.038886,-21.064938,-0.431345,15.895434,-16.788004,-0.365693,10.793333,2
1628249969.832998,126,1,16.232715,-15.498512,-0.089538,0.013900,-0.000310,0.892486,-0.450861,1,10.038886,-21.064938,-0.431345,15.895434,-16.788004,-0.365693,10.793333,2
1628249970.845570,127,1,15.886372,-16.084024,-0.100683,-0.008200,-0.011284,-0.768041,0.640249,1,10.038886,-21.064938,-0.431345,15.895434,-16.788004,-0.365693,10.793333,2
1628249971.345592,128,1,15.674580,-16.709178,-0.087814,0.001455,-0.008120,-0.643667,0.765261,1,10.038886,-21.064938,-0.431345,15.895434,-16.788004,-0.365693,10.793333,2
1628249971.845688,129,1,15.808940,-17.573209,-0.071806,0.005339,0.007463,-0.607916,0.793948,1,10.038886,-21.064938,-0.431345,15.895434,-16.788004,-0.365693,10.793333,2
1628249972.333196,130,1,15.971937,-18.224542,-0.076628,0.005204,0.011812,-0.619664,0.784761,1,10.921150,-22.814578,-0.226352,17.279146,-18.175437,-0.160700,10.716667,2
1628249973.833342,131,1,16.159969,-18.824551,-0.096519,0.000852,-0.002950,-0.541362,0.840784,1,10.921150,-22.814578,-0.226352,17.279146,-18.175437,-0.160700,10.716667,2
1628249974.333452,132,1,16.368853,-19.340844,-0.095976,-0.000129,-0.004014,-0.454407,0.890785,1,10.921150,-22.814578,-0.226352,17.279146,-18.175437,-0.160700,10.716667,2
1628249974.846002,133,1,16.779566,-19.948635,-0.108001,0.000202,-0.003759,-0.400135,0.916449,1,10.921150,-22.814578,-0.226352,17.279146,-18.175437,-0.160700,10.716667,2
1628249975.333503,134,1,17.265908,-20.447843,-0.097887,0.003479,-0.003992,-0.348265,0.937381,1,11.663241,-24.722619,-0.211361,18.579048,-19.757074,-0.145709,10.680000,2
1628249975.846042,135,1,17.811845,-21.026664,-0.110195,0.005659,0.000470,-0.316013,0.948738,1,11.663241,-24.722619,-0.211361,18.579048,-19.757074,-0.145709,10.680000,2
1628249976.346112,136,1,18.386933,-21.455145,-0.106116,0.004512,0.001944,-0.334905,0.942239,1,12.669348,-26.384418,-0.306369,20.053050,-21.022438,-0.240717,10.640000,2
1628249976.858644,137,1,18.938709,-21.866012,-0.113589,0.003638,-0.000316,-0.359186,0.933259,1,12.669348,-26.384418,-0.306369,20.053050,-21.022438,-0.240717,10.640000,2
1628249977.346187,138,1,19.438137,-22.302770,-0.107002,0.002324,-0.001039,-0.385725,0.922610,1,12.669348,-26.384418,-0.306369,20.053050,-21.022438,-0.240717,10.640000,2
1628249977.833733,139,1,19.925255,-22.789948,-0.107461,0.003354,0.000611,-0.405640,0.914026,1,13.569068,-28.078083,-0.385378,21.435898,-22.351244,-0.319726,10.556667,2
1628249978.346330,140,1,20.414075,-23.318423,-0.124081,0.004108,-0.000204,-0.427348,0.904078,1,13.569068,-28.078083,-0.385378,21.435898,-22.351244,-0.319726,10.556667,2
1628249978.858889,141,1,20.921647,-23.911401,-0.126142,0.003045,-0.002480,-0.447571,0.894240,1,13.569068,-28.078083,-0.385378,21.435898,-22.351244,-0.319726,10.556667,2
1628249979.346384,142,1,21.426454,-24.571530,-0.131239,0.003391,-0.001815,-0.465773,0.884896,1,14.364648,-29.832792,-0.369388,22.738826,-23.770515,-0.303736,10.426667,2
1628249979.846432,143,1,21.941440,-25.269405,-0.135903,0.002002,0.001800,-0.480279,0.877111,1,14.364648,-29.832792,-0.369388,22.738826,-23.770515,-0.303736,10.426667,2
1628249980.346501,144,1,22.414523,-25.987818,-0.137986,0.000992,0.000699,-0.470833,0.882221,1,14.957393,-31.686065,-0.519398,23.879750,-25.346669,-0.453746,10.310000,2
1628249980.859117,145,1,22.958300,-26.764635,-0.136324,0.000860,-0.000737,-0.436690,0.899611,1,14.957393,-31.686065,-0.519398,23.879750,-25.346669,-0.453746,10.310000,2
1628249981.346608,146,1,23.509444,-27.445089,-0.141769,0.001327,-0.000651,-0.400758,0.916183,1,15.506233,-33.534579,-0.653409,24.977473,-26.931986,-0.587757,10.220000,2
1628249981.859131,147,1,24.098896,-28.087075,-0.130784,0.001070,0.001673,-0.382904,0.923786,1,15.506233,-33.534579,-0.653409,24.977473,-26.931986,-0.587757,10.220000,2
1628249982.359248,148,1,24.742197,-28.709483,-0.145711,-0.000301,0.001440,-0.388586,0.921411,1,16.160338,-35.336638,-0.650420,26.160736,-28.440350,-0.584768,10.140000,2
1628249982.859297,149,1,25.419759,-29.368043,-0.151496,-0.001922,0.000978,-0.389996,0.920814,1,16.160338,-35.336638,-0.650420,26.160736,-28.440350,-0.584768,10.140000,2
1628249983.371833,150,1,26.105163,-30.043034,-0.156663,-0.003747,0.002501,-0.390015,0.920797,1,17.210352,-37.003196,-0.796432,27.677940,-29.696549,-0.730780,10.130000,2
1628249983.846873,151,1,26.771884,-30.694549,-0.160330,-0.003809,0.001086,-0.394939,0.918699,1,17.210352,-37.003196,-0.796432,27.677940,-29.696549,-0.730780,10.130000,2
1628249984.371889,152,1,27.430963,-31.375495,-0.170927,-0.001610,0.001995,-0.411984,0.911188,1,18.611426,-38.611367,-0.810445,29.510511,-30.787835,-0.744793,10.143333,2
1628249984.871941,153,1,28.112895,-32.109018,-0.168333,-0.001471,0.004975,-0.426320,0.904558,1,18.611426,-38.611367,-0.810445,29.510511,-30.787835,-0.744793,10.143333,2
1628249985.359478,154,1,28.715874,-32.831991,-0.183068,-0.001024,0.004397,-0.437093,0.899405,1,18.611426,-38.611367,-0.810445,29.510511,-30.787835,-0.744793,10.143333,2
1628249985.872034,155,1,29.338179,-33.603878,-0.195236,0.001254,0.004733,-0.447426,0.894308,1,19.886408,-40.278200,-0.989459,31.241560,-31.974167,-0.923807,10.083333,2
1628249986.372088,156,1,29.943922,-34.372510,-0.208092,0.001845,0.003940,-0.455548,0.890200,1,19.886408,-40.278200,-0.989459,31.241560,-31.974167,-0.923807,10.083333,2
1628249986.884645,157,1,30.542035,-35.187580,-0.216277,0.001506,0.002503,-0.463120,0.886291,1,20.751222,-42.083811,-1.122473,32.626138,-33.420222,-1.056821,10.023333,2
1628249987.372231,158,1,31.129488,-36.001040,-0.228181,0.002450,0.004593,-0.469975,0.882665,1,21.221479,-43.571788,-1.258485,33.536806,-34.687465,-1.192833,9.983333,2
1628249987.872260,159,1,31.741924,-36.862997,-0.231923,0.002850,0.004106,-0.468688,0.883350,1,21.221479,-43.571788,-1.258485,33.536806,-34.687465,-1.192833,9.983333,2
1628249988.372284,160,1,32.324172,-37.714928,-0.250653,0.003028,0.000752,-0.452865,0.891573,1,21.538656,-44.768309,-1.322494,34.211166,-35.725492,-1.256842,9.943333,2
1628249988.872375,161,1,32.963539,-38.564882,-0.257417,0.009053,0.006964,-0.412084,0.911074,1,21.816786,-46.211349,-1.372505,34.925271,-37.009928,-1.306853,9.923333,2
1628249989.384947,162,1,33.612683,-39.283990,-0.272224,0.009991,0.001607,-0.355542,0.934606,1,21.816786,-46.211349,-1.372505,34.925271,-37.009928,-1.306853,9.923333,2
1628249989.872432,163,1,34.341081,-39.938122,-0.275287,0.008978,0.001700,-0.309469,0.950866,1,22.217227,-47.923222,-1.367519,35.839395,-38.511673,-1.301867,9.903333,2
1628249990.360036,164,1,35.086636,-40.420638,-0.278343,0.003135,0.004528,-0.343393,0.939175,1,22.217227,-47.923222,-1.367519,35.839395,-38.511673,-1.301867,9.903333,2
1628249990.872534,165,1,35.874704,-41.050617,-0.279761,-0.002294,0.006967,-0.436214,0.899813,1,22.817310,-49.589227,-1.339534,36.928915,-39.907602,-1.273882,9.943333,2
1628249991.372634,166,1,36.597373,-41.879304,-0.310029,-0.001010,0.006782,-0.501109,0.865357,1,23.701697,-50.707391,-1.542546,38.117797,-40.694363,-1.476894,10.023333,2
1628249991.872634,167,1,37.126002,-42.781819,-0.318920,0.005853,0.002262,-0.481493,0.876428,1,24.610513,-51.389387,-1.838555,39.193925,-41.059074,-1.772903,10.066667,2
1628249992.372681,168,1,37.526177,-43.512760,-0.324720,0.010294,0.001369,-0.424259,0.905481,1,25.761213,-51.726300,-2.020562,40.392312,-41.020495,-1.954910,9.863333,2
1628249992.872724,169,1,37.995748,-44.086670,-0.334353,0.010978,-0.000905,-0.346975,0.937810,1,25.761213,-51.726300,-2.020562,40.392312,-41.020495,-1.954910,9.863333,2
1628249993.397822,170,1,38.398194,-44.465765,-0.323461,0.009221,-0.001062,-0.269445,0.962971,1,25.761213,-51.726300,-2.020562,40.392312,-41.020495,-1.954910,9.863333,2
1628249993.885333,171,1,38.826405,-44.744679,-0.330602,0.006924,-0.001534,-0.180573,0.983536,1,25.761213,-51.726300,-2.020562,40.392312,-41.020495,-1.954910,9.863333,2
1628249994.397877,172,1,39.334389,-44.976133,-0.333381,0.006031,-0.000649,-0.073067,0.997309,1,27.629187,-52.425472,-2.388575,42.385159,-41.102531,-2.322923,9.780000,2
1628249994.885433,173,1,39.942642,-45.113528,-0.335809,0.006275,-0.001388,0.055525,0.998437,1,27.629187,-52.425472,-2.388575,42.385159,-41.102531,-2.322923,9.780000,2
1628249995.398041,174,1,40.613214,-45.104400,-0.330413,0.007533,-0.000952,0.200424,0.979680,1,28.674624,-52.808840,-2.430583,43.498010,-41.140906,-2.364931,9.770000,2
1628249995.885527,175,1,41.281736,-44.767823,-0.340171,0.007965,0.004939,0.362530,0.931925,1,28.674624,-52.808840,-2.430583,43.498010,-41.140906,-2.364931,9.770000,2
1628249996.385576,176,1,41.734162,-44.099649,-0.311747,0.000390,0.003001,0.378950,0.925412,1,29.859336,-52.551493,-2.421586,44.543468,-40.527076,-2.355934,9.773333,2
1628249996.885625,177,1,42.077218,-43.718950,-0.314097,-0.006951,0.008426,0.347588,0.937584,1,29.859336,-52.551493,-2.421586,44.543468,-40.527076,-2.355934,9.773333,2
1628249999.898428,178,2,41.747829,-44.121830,-0.326409,-0.003350,0.002390,0.399743,0.916618,1,30.379270,-52.424618,-1.842588,44.997944,-40.244446,-1.776936,9.933333,2
1628250002.898761,179,2,41.398460,-44.654446,-0.332441,-0.002828,0.000747,0.470804,0.882233,1,29.935856,-52.979322,-1.623590,44.749541,-40.909733,-1.557938,10.176667,2
1628250005.411459,180,2,41.807990,-43.931502,-0.328619,-0.001163,0.001011,0.491714,0.870755,1,29.670717,-53.210976,-1.567591,44.569826,-41.212496,-1.501939,10.230000,2
1628250015.437442,181,2,42.131661,-43.372397,-0.333276,-0.002380,0.003796,0.486460,0.873691,1,29.987458,-52.989745,-0.607590,44.801821,-40.903552,-0.541938,10.303333,2
1628250019.437883,182,2,41.842281,-44.072729,-0.326082,-0.002040,0.001798,0.593471,0.804851,1,29.928709,-53.263065,-0.211592,44.831200,-41.181566,-0.145940,10.106667,2
1628250020.438018,183,2,41.767930,-44.742201,-0.325473,-0.001372,-0.000316,0.699922,0.714218,1,29.521506,-53.816869,-0.243595,44.616923,-41.834711,-0.177943,10.133333,2
1628250021.450533,184,2,41.925191,-45.450480,-0.333350,-0.001477,-0.001026,0.798593,0.601868,1,29.391047,-54.477826,-0.497600,44.699002,-42.503401,-0.431948,10.166667,2
1628250022.438129,185,2,42.222295,-45.991716,-0.333517,-0.000815,-0.005213,0.873613,0.486593,1,29.415201,-55.073571,-0.278605,44.907662,-43.061932,-0.212953,10.040000,2
1628250024.438329,186,2,41.726072,-45.282301,-0.334862,0.004458,-0.002074,0.935274,0.353891,1,29.391047,-54.477826,-0.497600,44.699002,-42.503401,-0.431948,10.166667,2
1628250024.938376,187,2,41.216265,-44.794336,-0.335620,0.002652,-0.001163,0.942030,0.335517,1,29.521506,-53.816869,-0.243595,44.616923,-41.834711,-0.177943,10.133333,2
1628250025.450925,188,2,40.673918,-44.396637,-0.326479,0.002108,-0.001361,0.941259,0.337676,1,28.561042,-53.688640,-0.483590,43.664345,-42.012274,-0.417938,9.960000,2
1628250025.950974,189,2,40.220023,-44.005684,-0.326776,0.004457,-0.002567,0.941613,0.336659,1,28.561042,-53.688640,-0.483590,43.664345,-42.012274,-0.417938,9.960000,2
1628250026.451028,190,2,39.765088,-43.644380,-0.323285,0.004632,-0.003286,0.942061,0.335393,1,27.694287,-52.610962,-0.610577,42.504837,-41.258485,-0.544925,9.936667,2
1628250026.963573,191,2,39.232752,-43.271724,-0.331092,0.003207,-0.004686,0.942513,0.334121,1,27.694287,-52.610962,-0.610577,42.504837,-41.258485,-0.544925,9.936667,2
1628250027.451156,192,2,38.705605,-42.851667,-0.315459,0.002667,-0.005191,0.943490,0.331351,1,26.914217,-51.528215,-0.675565,41.426115,-40.472858,-0.609913,9.903333,2
1628250027.963672,193,2,38.124480,-42.396806,-0.322770,0.003003,-0.004844,0.944817,0.327549,1,26.914217,-51.528215,-0.675565,41.426115,-40.472858,-0.609913,9.903333,2
1628250028.451217,194,2,37.490415,-41.893411,-0.306979,0.003753,-0.004992,0.945409,0.325826,1,25.993436,-50.314482,-0.835552,40.172862,-39.606635,-0.769900,9.876667,2
1628250028.951308,195,2,36.849981,-41.422365,-0.306358,0.004320,-0.004684,0.945772,0.324770,1,25.993436,-50.314482,-0.835552,40.172862,-39.606635,-0.769900,9.876667,2
1628250029.463924,196,2,36.218479,-40.943185,-0.308635,0.004706,-0.004509,0.946021,0.324041,1,25.014490,-49.099265,-1.109538,38.863880,-38.757134,-1.043886,9.876667,2
1628250029.951368,197,2,35.568530,-40.431646,-0.290924,0.006003,-0.005535,0.945646,0.325096,1,25.014490,-49.099265,-1.109538,38.863880,-38.757134,-1.043886,9.876667,2
1628250030.451417,198,2,34.868282,-39.925837,-0.283495,0.004952,-0.006111,0.940382,0.340030,1,24.045306,-47.822418,-1.352525,37.544962,-37.846031,-1.286873,9.876667,2
1628250030.951435,199,2,34.220621,-39.404039,-0.282099,0.005324,-0.007122,0.932467,0.361145,1,24.045306,-47.822418,-1.352525,37.544962,-37.846031,-1.286873,9.876667,2
1628250031.451501,200,2,33.495378,-38.749242,-0.260333,0.009163,-0.008384,0.923673,0.382980,1,21.816786,-46.211349,-1.372505,34.925271,-37.009928,-1.306853,9.923333,2
1628250031.976559,201,2,32.801484,-38.110275,-0.247124,-0.002065,-0.004719,0.913480,0.406851,1,21.538656,-44.768309,-1.322494,34.211166,-35.725492,-1.256842,9.943333,2
1628250032.476604,202,2,32.104673,-37.390118,-0.252530,0.004572,-0.008613,0.901771,0.432104,1,21.538656,-44.768309,-1.322494,34.211166,-35.725492,-1.256842,9.943333,2
1628250032.951658,203,2,31.464167,-36.602437,-0.250916,0.003435,-0.007926,0.891075,0.453773,1,21.221479,-43.571788,-1.258485,33.536806,-34.687465,-1.192833,9.983333,2
1628250033.476758,204,2,30.872628,-35.820348,-0.230433,0.002366,-0.007691,0.882792,0.469695,1,20.751222,-42.083811,-1.122473,32.626138,-33.420222,-1.056821,10.023333,2
1628250033.964252,205,2,30.290672,-34.976607,-0.223861,0.002692,-0.005687,0.875219,0.483686,1,20.751222,-42.083811,-1.122473,32.626138,-33.420222,-1.056821,10.023333,2
1628250034.464297,206,2,29.714794,-34.098626,-0.215564,0.006600,-0.003189,0.869083,0.494611,1,19.886408,-40.278200,-0.989459,31.241560,-31.974167,-0.923807,10.083333,2
1628250034.964347,207,2,29.149590,-33.210634,-0.206596,0.004024,-0.001069,0.879448,0.475976,1,19.886408,-40.278200,-0.989459,31.241560,-31.974167,-0.923807,10.083333,2
1628250035.464398,208,2,28.588060,-32.360657,-0.198234,0.006239,-0.001558,0.895071,0.445877,1,18.611426,-38.611367,-0.810445,29.510511,-30.787835,-0.744793,10.143333,2
1628250035.976936,209,2,27.953605,-31.541986,-0.186332,0.004467,0.001742,0.910311,0.413898,1,18.611426,-38.611367,-0.810445,29.510511,-30.787835,-0.744793,10.143333,2
1628250036.476996,210,2,27.263320,-30.769810,-0.180177,0.002127,0.001950,0.924126,0.382076,1,17.210352,-37.003196,-0.796432,27.677940,-29.696549,-0.730780,10.130000,2
1628250036.964549,211,2,26.534015,-30.035340,-0.179941,0.002614,-0.000654,0.935003,0.354628,1,17.210352,-37.003196,-0.796432,27.677940,-29.696549,-0.730780,10.130000,2
1628250037.464596,212,2,25.781348,-29.385473,-0.173521,0.000903,-0.004296,0.927486,0.373832,1,16.160338,-35.336638,-0.650420,26.160736,-28.440350,-0.584768,10.140000,2
1628250037.964651,213,2,25.012255,-28.682082,-0.168239,0.001371,-0.004823,0.918137,0.396231,1,16.160338,-35.336638,-0.650420,26.160736,-28.440350,-0.584768,10.140000,2
1628250038.477196,214,2,24.281454,-27.924369,-0.167730,0.000228,-0.004664,0.910195,0.414154,1,15.506233,-33.534579,-0.653409,24.977473,-26.931986,-0.587757,10.220000,2
1628250038.977314,215,2,23.582039,-27.164663,-0.170166,-0.000833,-0.004141,0.902329,0.431027,1,14.957393,-31.686065,-0.519398,23.879750,-25.346669,-0.453746,10.310000,2
1628250039.477293,216,2,22.906643,-26.346384,-0.160745,0.000436,-0.004620,0.894945,0.446153,1,14.957393,-31.686065,-0.519398,23.879750,-25.346669,-0.453746,10.310000,2
1628250039.977345,217,2,22.271144,-25.528368,-0.157185,0.002282,-0.004829,0.887054,0.461635,1,14.364648,-29.832792,-0.369388,22.738826,-23.770515,-0.303736,10.426667,2
1628250040.489892,218,2,21.667940,-24.697552,-0.164091,0.000154,-0.003210,0.879159,0.476517,1,14.364648,-29.832792,-0.369388,22.738826,-23.770515,-0.303736,10.426667,2
1628250040.977495,219,2,21.094015,-23.820712,-0.162628,0.000284,-0.003105,0.871830,0.489799,1,13.569068,-28.078083,-0.385378,21.435898,-22.351244,-0.319726,10.556667,2
1628250041.477501,220,2,20.522517,-22.895546,-0.153302,0.002386,-0.002838,0.868349,0.495940,1,13.569068,-28.078083,-0.385378,21.435898,-22.351244,-0.319726,10.556667,2
1628250041.977529,221,2,19.953796,-21.973284,-0.152329,0.002113,0.001353,0.881656,0.471886,1,12.669348,-26.384418,-0.306369,20.053050,-21.022438,-0.240717,10.640000,2
1628250042.477651,222,2,19.374808,-21.089406,-0.148518,0.004386,0.003219,0.904971,0.425437,1,12.669348,-26.384418,-0.306369,20.053050,-21.022438,-0.240717,10.640000,2
1628250042.977641,223,2,18.716097,-20.323487,-0.136581,0.004888,0.005940,0.925819,0.377888,1,11.663241,-24.722619,-0.211361,18.579048,-19.757074,-0.145709,10.680000,2
1628250043.477700,224,2,17.979234,-19.636317,-0.126722,0.002604,0.006098,0.938769,0.344484,1,11.663241,-24.722619,-0.211361,18.579048,-19.757074,-0.145709,10.680000,2
1628250043.977728,225,2,17.177934,-19.010419,-0.134399,0.002832,0.002654,0.931597,0.363473,1,10.921150,-22.814578,-0.226352,17.279146,-18.175437,-0.160700,10.716667,2
1628250044.477814,226,2,16.418778,-18.313167,-0.131038,0.004241,-0.000612,0.913875,0.405974,1,10.921150,-22.814578,-0.226352,17.279146,-18.175437,-0.160700,10.716667,2
1628250044.965379,227,2,15.707600,-17.575320,-0.126566,-0.001852,0.003032,0.891321,0.453358,1,10.038886,-21.064938,-0.431345,15.895434,-16.788004,-0.365693,10.793333,2
1628250045.477868,228,2,15.016447,-16.733240,-0.139121,0.000711,-0.002607,0.860178,0.509986,1,10.038886,-21.064938,-0.431345,15.895434,-16.788004,-0.365693,10.793333,2
1628250045.990482,229,2,14.533708,-15.844002,-0.114189,0.001092,-0.002134,0.828133,0.560526,1,9.050413,-19.443628,-0.368339,14.450809,-15.555614,-0.302687,10.783333,2
1628250046.490532,230,2,14.162795,-14.871896,-0.110832,-0.000543,-0.000660,0.804723,0.593649,1,9.050413,-19.443628,-0.368339,14.450809,-15.555614,-0.302687,10.783333,2
1628250046.990524,231,2,13.902872,-13.906801,-0.110957,-0.003094,0.005868,0.809850,0.586599,1,8.088391,-17.883050,-0.337333,13.050249,-14.372685,-0.271681,10.766667,2
1628250047.478072,232,2,13.745480,-13.359772,-0.106778,-0.003460,0.008590,0.827466,0.561439,1,8.088391,-17.883050,-0.337333,13.050249,-14.372685,-0.271681,10.766667,2
1628250049.003212,233,2,13.597879,-12.766720,-0.116919,0.008237,-0.003515,0.880060,0.474778,1,8.088391,-17.883050,-0.337333,13.050249,-14.372685,-0.271681,10.766667,2
1628250049.478301,234,2,13.273806,-12.274875,-0.123141,0.015051,-0.002379,0.929011,0.369739,1,7.116428,-16.287640,-0.358328,11.629385,-13.159758,-0.292676,10.760000,2
1628250049.990817,235,2,12.695004,-11.779096,-0.089722,0.000076,0.009509,0.968689,0.248096,1,7.116428,-16.287640,-0.358328,11.629385,-13.159758,-0.292676,10.760000,2
1628250050.503382,236,2,12.035789,-11.437760,-0.111004,0.002773,0.007610,0.991345,0.131029,1,6.360794,-14.768724,-0.550323,10.437917,-11.952078,-0.484671,10.680000,2
1628250050.990929,237,2,11.367251,-11.281984,-0.100170,-0.000965,0.008956,0.999837,0.015638,1,6.360794,-14.768724,-0.550323,10.437917,-11.952078,-0.484671,10.680000,2
1628250051.503485,238,2,10.680203,-11.218609,-0.094536,-0.001452,0.008254,0.995587,-0.093469,1,6.360794,-14.768724,-0.550323,10.437917,-11.952078,-0.484671,10.680000,2
1628250052.003511,239,2,10.145753,-11.285448,-0.103419,-0.002119,0.005832,0.980500,-0.196420,1,5.892025,-13.488259,-0.474320,9.593350,-10.881544,-0.408668,10.616667,2
1628250052.503643,240,2,9.640784,-11.536073,-0.108410,-0.005295,0.003912,0.954021,-0.299667,1,5.892025,-13.488259,-0.474320,9.593350,-10.881544,-0.408668,10.616667,2
1628250053.003603,241,2,9.144467,-11.875009,-0.106732,-0.007443,0.004436,0.915099,-0.403136,1,5.892025,-13.488259,-0.474320,9.593350,-10.881544,-0.408668,10.616667,2
1628250053.491163,242,2,8.709443,-12.318879,-0.122078,0.008625,-0.005178,-0.860001,0.510193,1,5.892025,-13.488259,-0.474320,9.593350,-10.881544,-0.408668,10.616667,2
1628250054.003706,243,2,8.374319,-12.863387,-0.116696,0.006647,-0.006797,-0.789014,0.614302,1,6.360794,-14.768724,-0.550323,10.437917,-11.952078,-0.484671,10.680000,2
1628250054.503786,244,2,8.169893,-13.413386,-0.119571,0.007800,-0.007367,-0.701093,0.712989,1,6.360794,-14.768724,-0.550323,10.437917,-11.952078,-0.484671,10.680000,2
1628250055.003835,245,2,8.224420,-14.006464,-0.122800,0.008449,-0.006612,-0.621799,0.783103,1,6.360794,-14.768724,-0.550323,10.437917,-11.952078,-0.484671,10.680000,2
1628250055.503912,246,2,8.341730,-14.588106,-0.124189,0.008839,-0.008198,-0.559116,0.829002,1,6.360794,-14.768724,-0.550323,10.437917,-11.952078,-0.484671,10.680000,2
1628250055.991387,247,2,8.535192,-15.154532,-0.100862,0.008035,-0.010263,-0.493021,0.869920,1,7.116428,-16.287640,-0.358328,11.629385,-13.159758,-0.292676,10.760000,2
1628250056.503936,248,2,8.837411,-15.683087,-0.113379,0.014248,0.000576,-0.423457,0.905804,1,7.116428,-16.287640,-0.358328,11.629385,-13.159758,-0.292676,10.760000,2
1628250057.003989,249,2,9.215575,-16.158423,-0.120837,0.013048,-0.001888,-0.350387,0.936512,1,7.116428,-16.287640,-0.358328,11.629385,-13.159758,-0.292676,10.760000,2
1628250057.491577,250,2,9.664580,-16.582945,-0.122793,0.011439,-0.003259,-0.275681,0.961176,1,8.088391,-17.883050,-0.337333,13.050249,-14.372685,-0.271681,10.766667,2
1628250058.016599,251,2,10.220623,-16.859345,-0.119904,0.008972,-0.001772,-0.229572,0.973249,1,8.088391,-17.883050,-0.337333,13.050249,-14.372685,-0.271681,10.766667,2
1628250058.504153,252,2,10.797966,-17.115898,-0.117718,0.007221,-0.002171,-0.236390,0.971629,1,8.088391,-17.883050,-0.337333,13.050249,-14.372685,-0.271681,10.766667,2
1628250059.016691,253,2,11.283737,-17.336454,-0.118876,0.008499,-0.001586,-0.248937,0.968481,1,8.088391,-17.883050,-0.337333,13.050249,-14.372685,-0.271681,10.766667,2
1628250059.504258,254,2,11.780520,-17.616975,-0.122644,0.008463,-0.001451,-0.259848,0.965611,1,9.050413,-19.443628,-0.368339,14.450809,-15.555614,-0.302687,10.783333,2
1628250060.004281,255,2,12.298507,-17.899349,-0.123785,0.006693,-0.001656,-0.270734,0.962629,1,9.050413,-19.443628,-0.368339,14.450809,-15.555614,-0.302687,10.783333,2
1628250060.504332,256,3,12.804822,-18.189276,-0.126607,0.005494,-0.001120,-0.299712,0.954013,1,9.050413,-19.443628,-0.368339,14.450809,-15.555614,-0.302687,10.783333,2
1628250061.029392,257,3,13.246312,-18.463429,-0.129045,0.006495,-0.001112,-0.333406,0.942760,1,10.038886,-21.064938,-0.431345,15.895434,-16.788004,-0.365693,10.793333,2
1628250061.516937,258,3,13.688668,-18.795037,-0.130071,0.005883,-0.001156,-0.366721,0.930311,1,10.038886,-21.064938,-0.431345,15.895434,-16.788004,-0.365693,10.793333,2
1628250062.029478,259,3,14.085103,-19.150721,-0.142041,0.005617,0.000585,-0.398780,0.917029,1,10.038886,-21.064938,-0.431345,15.895434,-16.788004,-0.365693,10.793333,2
1628250063.029575,260,3,14.779750,-19.933225,-0.149535,0.005774,-0.002418,-0.326203,0.945279,1,10.921150,-22.814578,-0.226352,17.279146,-18.175437,-0.160700,10.716667,2
1628250063.517114,261,3,15.255543,-20.265797,-0.145629,0.003957,-0.001324,-0.325181,0.945643,1,10.921150,-22.814578,-0.226352,17.279146,-18.175437,-0.160700,10.716667,2
1628250064.029664,262,3,15.725597,-20.610902,-0.145018,0.001749,-0.003222,-0.357989,0.933718,1,10.921150,-22.814578,-0.226352,17.279146,-18.175437,-0.160700,10.716667,2
1628250064.517266,263,3,16.228773,-21.047218,-0.133744,0.002238,-0.002151,-0.391140,0.920326,1,11.663241,-24.722619,-0.211361,18.579048,-19.757074,-0.145709,10.680000,2
1628250065.017269,264,3,16.781795,-21.600400,-0.141172,0.002355,-0.001427,-0.421633,0.906762,1,11.663241,-24.722619,-0.211361,18.579048,-19.757074,-0.145709,10.680000,2
1628250065.517315,265,3,17.372646,-22.276397,-0.144503,0.002267,-0.000004,-0.451281,0.892379,1,12.669348,-26.384418,-0.306369,20.053050,-21.022438,-0.240717,10.640000,2
1628250066.029943,266,3,17.924744,-23.018264,-0.158006,0.001610,-0.000296,-0.479702,0.877430,1,12.669348,-26.384418,-0.306369,20.053050,-21.022438,-0.240717,10.640000,2
1628250066.529912,267,3,18.464638,-23.810873,-0.163196,0.002715,0.002105,-0.508394,0.861118,1,13.569068,-28.078083,-0.385378,21.435898,-22.351244,-0.319726,10.556667,2
1628250067.030014,268,3,18.940233,-24.644020,-0.170117,0.001442,0.000698,-0.541010,0.841015,1,13.569068,-28.078083,-0.385378,21.435898,-22.351244,-0.319726,10.556667,2
1628250067.517523,269,3,19.231842,-25.369604,-0.172046,0.006980,-0.001901,-0.493808,0.869541,1,13.569068,-28.078083,-0.385378,21.435898,-22.351244,-0.319726,10.556667,2
1628250068.030066,270,3,19.610137,-26.124571,-0.178793,0.010197,-0.002045,-0.396233,0.918091,1,14.364648,-29.832792,-0.369388,22.738826,-23.770515,-0.303736,10.426667,2
1628250068.517612,271,3,20.293762,-26.819145,-0.186392,0.009598,-0.001127,-0.310855,0.950408,1,14.364648,-29.832792,-0.369388,22.738826,-23.770515,-0.303736,10.426667,2
1628250069.030220,272,3,21.066277,-27.384018,-0.189359,0.007110,-0.000230,-0.284947,0.958517,1,14.957393,-31.686065,-0.519398,23.879750,-25.346669,-0.453746,10.310000,2
1628250069.530235,273,3,21.814923,-27.845510,-0.183849,0.005012,-0.001335,-0.281669,0.959498,1,14.957393,-31.686065,-0.519398,23.879750,-25.346669,-0.453746,10.310000,2
1628250070.030311,274,3,22.560375,-28.315760,-0.189154,0.003818,-0.001656,-0.277660,0.960670,1,15.506233,-33.534579,-0.653409,24.977473,-26.931986,-0.587757,10.220000,2
1628250070.530300,275,3,23.344731,-28.780262,-0.189117,0.003348,-0.000047,-0.272916,0.962032,1,15.506233,-33.534579,-0.653409,24.977473,-26.931986,-0.587757,10.220000,2
1628250071.030384,276,3,24.123923,-29.218504,-0.191183,0.002865,0.000204,-0.260749,0.965402,1,16.160338,-35.336638,-0.650420,26.160736,-28.440350,-0.584768,10.140000,2
1628250071.530410,277,3,24.971922,-29.719069,-0.194831,0.009185,-0.000289,-0.177788,0.984026,1,16.160338,-35.336638,-0.650420,26.160736,-28.440350,-0.584768,10.140000,2
1628250072.043000,278,3,26.020930,-30.137907,-0.205900,-0.001975,0.001963,-0.217880,0.975972,1,17.210352,-37.003196,-0.796432,27.677940,-29.696549,-0.730780,10.130000,2
1628250072.530492,279,3,26.925810,-30.586953,-0.205903,-0.007024,0.003805,-0.301288,0.953500,1,17.210352,-37.003196,-0.796432,27.677940,-29.696549,-0.730780,10.130000,2
1628250073.055592,280,3,27.729938,-31.106371,-0.213432,-0.008545,0.007445,-0.376847,0.926206,1,18.611426,-38.611367,-0.810445,29.510511,-30.787835,-0.744793,10.143333,2
1628250073.543092,281,3,28.418139,-31.767165,-0.216773,-0.006659,0.009737,-0.415542,0.909498,1,18.611426,-38.611367,-0.810445,29.510511,-30.787835,-0.744793,10.143333,2
1628250074.055688,282,3,28.971678,-32.379924,-0.216955,-0.005854,0.010027,-0.443488,0.896205,1,18.611426,-38.611367,-0.810445,29.510511,-30.787835,-0.744793,10.143333,2
1628250074.530687,283,3,29.392535,-32.916587,-0.228833,-0.003856,0.009987,-0.461354,0.887152,1,19.886408,-40.278200,-0.989459,31.241560,-31.974167,-0.923807,10.083333,2
1628250075.055747,284,3,29.702018,-33.333946,-0.236411,-0.003912,0.009764,-0.474338,0.880280,1,19.886408,-40.278200,-0.989459,31.241560,-31.974167,-0.923807,10.083333,2
1628250076.043364,285,3,30.135848,-33.983334,-0.242090,-0.004057,0.008436,-0.492916,0.870027,1,19.886408,-40.278200,-0.989459,31.241560,-31.974167,-0.923807,10.083333,2
1628250077.055936,286,3,30.588275,-34.725683,-0.251211,-0.004304,0.006760,-0.509727,0.860299,1,20.751222,-42.083811,-1.122473,32.626138,-33.420222,-1.056821,10.023333,2
1628250077.543536,287,3,30.852007,-35.221267,-0.255049,-0.003792,0.006984,-0.519869,0.854209,1,20.751222,-42.083811,-1.122473,32.626138,-33.420222,-1.056821,10.023333,2
1628250078.068531,288,3,31.113022,-35.693786,-0.257861,-0.001581,0.007342,-0.529893,0.848032,1,20.751222,-42.083811,-1.122473,32.626138,-33.420222,-1.056821,10.023333,2
1628250079.056127,289,3,31.403058,-36.226873,-0.256323,0.000211,0.008030,-0.540970,0.841004,1,21.221479,-43.571788,-1.258485,33.536806,-34.687465,-1.192833,9.983333,2
1628250081.056372,290,3,31.704776,-36.919671,-0.271301,0.000069,0.008088,-0.551345,0.834238,1,21.221479,-43.571788,-1.258485,33.536806,-34.687465,-1.192833,9.983333,2
1628250084.556659,291,3,31.938567,-37.458011,-0.278674,-0.003806,0.001902,-0.557623,0.830084,1,21.538656,-44.768309,-1.322494,34.211166,-35.725492,-1.256842,9.943333,2
1628250085.069251,292,3,32.138200,-37.935848,-0.280294,-0.000562,-0.001739,-0.553660,0.832741,1,21.538656,-44.768309,-1.322494,34.211166,-35.725492,-1.256842,9.943333,2
1628250085.556755,293,3,32.383913,-38.516105,-0.301935,0.005200,0.003117,-0.522715,0.852486,1,21.538656,-44.768309,-1.322494,34.211166,-35.725492,-1.256842,9.943333,2
1628250086.056800,294,3,32.678895,-39.010413,-0.300922,0.006259,0.003817,-0.468445,0.883462,1,21.816786,-46.211349,-1.372505,34.925271,-37.009928,-1.306853,9.923333,2
1628250086.556851,295,3,32.985164,-39.503060,-0.306592,0.009589,0.003133,-0.402289,0.915457,1,23.000144,-46.407136,-1.759511,36.110697,-36.827075,-1.693859,9.836667,2
1628250087.069407,296,3,33.439288,-40.012825,-0.307258,0.008160,0.002329,-0.340066,0.940363,1,23.000144,-46.407136,-1.759511,36.110697,-36.827075,-1.693859,9.836667,2
1628250087.581941,297,3,33.895694,-40.387825,-0.315320,0.005801,0.002643,-0.325495,0.945522,1,24.045306,-47.822418,-1.352525,37.544962,-37.846031,-1.286873,9.876667,2
1628250088.081998,298,3,34.423681,-40.812908,-0.322518,0.002915,0.003281,-0.371658,0.928359,1,24.045306,-47.822418,-1.352525,37.544962,-37.846031,-1.286873,9.876667,2
1628250088.569541,299,3,35.037941,-41.339990,-0.330342,0.000607,0.001992,-0.423668,0.905815,1,25.014490,-49.099265,-1.109538,38.863880,-38.757134,-1.043886,9.876667,2
1628250089.082100,300,3,35.651589,-42.053590,-0.345249,0.001954,0.001226,-0.443948,0.896050,1,25.014490,-49.099265,-1.109538,38.863880,-38.757134,-1.043886,9.876667,2
1628250089.569643,301,3,36.218269,-42.804691,-0.353599,0.004039,-0.000294,-0.426407,0.904522,1,25.993436,-50.314482,-0.835552,40.172862,-39.606635,-0.769900,9.876667,2
1628250090.082197,302,3,36.801238,-43.554427,-0.361454,0.006203,-0.001185,-0.403163,0.915107,1,25.993436,-50.314482,-0.835552,40.172862,-39.606635,-0.769900,9.876667,2
1628250090.569736,303,3,37.471617,-44.285847,-0.358518,0.006510,-0.002907,-0.377746,0.925882,1,26.914217,-51.528215,-0.675565,41.426115,-40.472858,-0.609913,9.903333,2
1628250091.057276,304,3,38.199834,-44.967436,-0.363759,0.004337,-0.000439,-0.353218,0.935531,1,27.694287,-52.610962,-0.610577,42.504837,-41.258485,-0.544925,9.936667,2
1628250091.569884,305,3,38.987045,-45.720216,-0.372528,0.005159,-0.001640,-0.298344,0.954443,1,27.694287,-52.610962,-0.610577,42.504837,-41.258485,-0.544925,9.936667,2
1628250092.069868,306,3,39.795879,-46.349412,-0.379566,0.009477,-0.001752,-0.179659,0.983682,1,28.561042,-53.688640,-0.483590,43.664345,-42.012274,-0.417938,9.960000,2
1628250092.582511,307,3,40.710513,-46.624864,-0.377866,0.011184,-0.001125,-0.042002,0.999054,1,29.221589,-54.821118,-0.434602,44.645001,-42.882413,-0.368950,9.916667,2
1628250093.082478,308,3,41.519750,-46.478773,-0.366554,0.008766,0.003023,0.085539,0.996292,1,29.415201,-55.073571,-0.278605,44.907662,-43.061932,-0.212953,10.040000,2
1628250093.582525,309,3,42.332156,-46.302318,-0.361884,0.001315,0.001678,0.112576,0.993641,1,29.415201,-55.073571,-0.278605,44.907662,-43.061932,-0.212953,10.040000,2
1628250094.095080,310,3,42.914075,-46.167884,-0.362191,-0.003170,0.011978,0.084846,0.996317,1,29.415201,-55.073571,-0.278605,44.907662,-43.061932,-0.212953,10.040000,2
1628250096.582869,311,3,42.420461,-46.377507,-0.373302,-0.001182,0.001471,0.146221,0.989250,1,29.415201,-55.073571,-0.278605,44.907662,-43.061932,-0.212953,10.040000,2
1628250098.095469,312,3,41.747443,-46.781610,-0.375236,-0.003545,0.004499,0.260544,0.965445,1,29.415201,-55.073571,-0.278605,44.907662,-43.061932,-0.212953,10.040000,2
1628250099.083058,313,3,41.213855,-47.295900,-0.385009,-0.001641,-0.001480,0.386388,0.922334,1,29.415201,-55.073571,-0.278605,44.907662,-43.061932,-0.212953,10.040000,2
1628250100.583205,314,3,41.092004,-47.505945,-0.379375,0.008468,-0.008471,0.513476,0.858020,1,29.415201,-55.073571,-0.278605,44.907662,-43.061932,-0.212953,10.040000,2
1628250101.095745,315,3,41.514512,-47.035555,-0.376955,0.010538,-0.001380,0.661254,0.750086,1,29.415201,-55.073571,-0.278605,44.907662,-43.061932,-0.212953,10.040000,2
1628250101.583295,316,3,41.543470,-45.957552,-0.379182,0.011732,0.007946,0.794516,0.607078,1,29.391047,-54.477826,-0.497600,44.699002,-42.503401,-0.431948,10.166667,2
1628250102.108344,317,3,41.272337,-45.354419,-0.365784,0.006354,0.006099,0.888267,0.459243,1,29.521506,-53.816869,-0.243595,44.616923,-41.834711,-0.177943,10.133333,2
1628250102.595892,318,3,40.846472,-44.822137,-0.366695,0.003102,0.004697,0.917707,0.397218,1,29.928709,-53.263065,-0.211592,44.831200,-41.181566,-0.145940,10.106667,2
1628250103.095937,319,3,40.385684,-44.331728,-0.376423,0.001878,0.003995,0.931902,0.362682,1,29.987458,-52.989745,-0.607590,44.801821,-40.903552,-0.541938,10.303333,2
1628250103.595991,320,3,39.979417,-43.964550,-0.375804,0.002857,0.003525,0.946526,0.322594,1,27.694287,-52.610962,-0.610577,42.504837,-41.258485,-0.544925,9.936667,2
1628250104.608587,321,3,39.252008,-43.508546,-0.374354,0.004895,0.000741,0.939383,0.342835,1,27.694287,-52.610962,-0.610577,42.504837,-41.258485,-0.544925,9.936667,2
1628250105.108652,322,3,38.810562,-43.105859,-0.360584,0.004337,0.000850,0.929593,0.368561,1,26.914217,-51.528215,-0.675565,41.426115,-40.472858,-0.609913,9.903333,2
1628250105.608684,323,3,38.339527,-42.666955,-0.359325,0.004798,0.000824,0.930403,0.366507,1,26.914217,-51.528215,-0.675565,41.426115,-40.472858,-0.609913,9.903333,2
1628250106.146448,324,3,37.797241,-42.116709,-0.359586,0.004655,0.002374,0.939667,0.342050,1,25.993436,-50.314482,-0.835552,40.172862,-39.606635,-0.769900,9.876667,2
1628250106.621305,325,3,37.133142,-41.572958,-0.345588,0.005762,0.001671,0.956608,0.291317,1,25.993436,-50.314482,-0.835552,40.172862,-39.606635,-0.769900,9.876667,2
1628250107.146350,326,3,36.480705,-41.183476,-0.344786,0.005774,-0.001660,0.961282,0.275500,1,25.014490,-49.099265,-1.109538,38.863880,-38.757134,-1.043886,9.876667,2
1628250107.646388,327,3,35.768599,-40.773780,-0.341104,0.005405,-0.000842,0.963999,0.265848,1,25.014490,-49.099265,-1.109538,38.863880,-38.757134,-1.043886,9.876667,2
1628250108.159124,328,3,35.030586,-40.356044,-0.329722,0.007693,-0.000081,0.964541,0.263820,1,24.045306,-47.822418,-1.352525,37.544962,-37.846031,-1.286873,9.876667,2
1628250108.633979,329,3,34.208075,-39.905374,-0.319305,0.006881,-0.003624,0.961063,0.276220,1,24.045306,-47.822418,-1.352525,37.544962,-37.846031,-1.286873,9.876667,2
1628250109.134024,330,3,33.430378,-39.342690,-0.309982,0.005564,-0.002641,0.970454,0.241208,1,23.000144,-46.407136,-1.759511,36.110697,-36.827075,-1.693859,9.836667,2
1628250109.659130,331,3,32.451067,-38.955337,-0.285467,0.004339,0.000841,0.980662,0.195658,1,21.816786,-46.211349,-1.372505,34.925271,-37.009928,-1.306853,9.923333,2
1628250110.146622,332,3,31.554697,-38.564723,-0.313366,0.001750,-0.007596,0.966631,0.256054,1,21.538656,-44.768309,-1.322494,34.211166,-35.725492,-1.256842,9.943333,2
1628250110.621757,333,3,30.688623,-38.184487,-0.295015,0.001461,-0.015242,0.935564,0.352826,1,21.538656,-44.768309,-1.322494,34.211166,-35.725492,-1.256842,9.943333,2
1628250111.109220,334,3,29.931515,-37.501871,-0.277100,-0.001149,-0.015410,0.883826,0.467561,1,21.221479,-43.571788,-1.258485,33.536806,-34.687465,-1.192833,9.983333,2
1628250111.616131,335,3,29.446103,-36.734422,-0.267588,-0.001929,-0.012899,0.837786,0.545842,1,20.751222,-42.083811,-1.122473,32.626138,-33.420222,-1.056821,10.023333,2
1628250112.124798,336,3,29.041198,-35.859159,-0.267061,-0.000136,-0.011000,0.814629,0.579878,1,20.751222,-42.083811,-1.122473,32.626138,-33.420222,-1.056821,10.023333,2
1628250112.623351,337,3,28.753662,-34.953355,-0.247603,0.002372,-0.010041,0.809064,0.587630,1,19.886408,-40.278200,-0.989459,31.241560,-31.974167,-0.923807,10.083333,2
1628250113.111392,338,3,28.455230,-34.016458,-0.237437,0.003796,-0.004149,0.812020,0.583603,1,19.886408,-40.278200,-0.989459,31.241560,-31.974167,-0.923807,10.083333,2
1628250113.625462,339,3,28.124520,-33.067032,-0.229825,0.005376,-0.003490,0.817775,0.575503,1,18.611426,-38.611367,-0.810445,29.510511,-30.787835,-0.744793,10.143333,2
1628250114.116196,340,3,27.806118,-32.129404,-0.219704,0.004719,0.003187,0.844165,0.536054,1,18.611426,-38.611367,-0.810445,29.510511,-30.787835,-0.744793,10.143333,2
1628250114.645026,341,3,27.381061,-31.213927,-0.225406,0.004440,0.004632,0.880596,0.473824,1,18.611426,-38.611367,-0.810445,29.510511,-30.787835,-0.744793,10.143333,2
1628250115.125630,342,3,26.780518,-30.351697,-0.220057,0.004736,0.004645,0.910724,0.412963,1,17.210352,-37.003196,-0.796432,27.677940,-29.696549,-0.730780,10.130000,2
1628250115.631752,343,3,26.005523,-29.539118,-0.212789,0.003868,0.001477,0.916462,0.400100,1,16.160338,-35.336638,-0.650420,26.160736,-28.440350,-0.584768,10.140000,2
1628250116.126260,344,3,25.299221,-28.778476,-0.207418,0.003552,0.000908,0.916536,0.399936,1,16.160338,-35.336638,-0.650420,26.160736,-28.440350,-0.584768,10.140000,2
1628250116.633832,345,3,24.589001,-28.051177,-0.207860,0.003224,0.001073,0.918654,0.395049,1,15.506233,-33.534579,-0.653409,24.977473,-26.931986,-0.587757,10.220000,2
1628250117.129557,346,3,23.842251,-27.281891,-0.203922,0.001357,0.000641,0.913054,0.407837,1,15.506233,-33.534579,-0.653409,24.977473,-26.931986,-0.587757,10.220000,2
1628250117.650634,347,3,23.117232,-26.498352,-0.192512,0.002311,-0.003354,0.891405,0.453190,1,14.957393,-31.686065,-0.519398,23.879750,-25.346669,-0.453746,10.310000,2
1628250118.122505,348,3,22.491471,-25.653631,-0.198203,0.002649,-0.004161,0.870194,0.492685,1,14.364648,-29.832792,-0.369388,22.738826,-23.770515,-0.303736,10.426667,2
1628250118.631971,349,3,21.975362,-24.775605,-0.193903,0.001057,-0.003188,0.849399,0.527741,1,14.364648,-29.832792,-0.369388,22.738826,-23.770515,-0.303736,10.426667,2
1628250119.129437,350,3,21.507093,-23.854880,-0.186147,0.000368,-0.003397,0.831696,0.555220,1,14.364648,-29.832792,-0.369388,22.738826,-23.770515,-0.303736,10.426667,2
1628250119.627064,351,3,21.192479,-23.028196,-0.174791,0.004667,0.004247,0.875235,0.483657,1,13.569068,-28.078083,-0.385378,21.435898,-22.351244,-0.319726,10.556667,2
1628250120.137509,352,3,20.672340,-22.150659,-0.179322,0.005273,0.013647,0.940647,0.339072,1,13.569068,-28.078083,-0.385378,21.435898,-22.351244,-0.319726,10.556667,2
1628250120.635663,353,3,19.893714,-21.499483,-0.178426,0.004845,0.013397,0.982916,0.183504,1,12.669348,-26.384418,-0.306369,20.053050,-21.022438,-0.240717,10.640000,2
1628250121.134092,354,4,18.780481,-20.949140,-0.188638,0.004980,-0.000726,0.977746,0.209733,1,12.669348,-26.384418,-0.306369,20.053050,-21.022438,-0.240717,10.640000,2
1628250121.645034,355,4,17.776572,-20.535187,-0.171834,0.000918,-0.008199,0.943558,0.331103,1,11.663241,-24.722619,-0.211361,18.579048,-19.757074,-0.145709,10.680000,2
1628250122.143733,356,4,17.059814,-19.959192,-0.167744,-0.003189,-0.007943,0.890543,0.454819,1,11.663241,-24.722619,-0.211361,18.579048,-19.757074,-0.145709,10.680000,2
1628250122.630098,357,4,16.466928,-19.178901,-0.167134,-0.000238,-0.003356,0.869775,0.493438,1,10.921150,-22.814578,-0.226352,17.279146,-18.175437,-0.160700,10.716667,2
1628250123.141512,358,4,15.923541,-18.323536,-0.143646,0.007034,-0.004924,0.861268,0.508079,1,10.921150,-22.814578,-0.226352,17.279146,-18.175437,-0.160700,10.716667,2
1628250123.640558,359,4,15.436268,-17.454738,-0.129387,0.001307,0.002787,0.853830,0.520543,1,10.038886,-21.064938,-0.431345,15.895434,-16.788004,-0.365693,10.793333,2
1628250124.139696,360,4,15.009041,-16.676887,-0.147294,0.006493,0.003553,0.871124,0.491007,1,10.038886,-21.064938,-0.431345,15.895434,-16.788004,-0.365693,10.793333,2
1628250124.638903,361,4,14.621472,-15.927218,-0.143558,0.007578,0.010615,0.924677,0.380530,1,9.050413,-19.443628,-0.368339,14.450809,-15.555614,-0.302687,10.783333,2
1628250125.138181,362,4,13.996353,-15.332279,-0.153376,0.005210,0.011688,0.969197,0.245955,1,9.050413,-19.443628,-0.368339,14.450809,-15.555614,-0.302687,10.783333,2
1628250125.637517,363,4,13.193056,-14.910545,-0.150732,0.001023,0.011247,0.994484,0.104276,1,8.088391,-17.883050,-0.337333,13.050249,-14.372685,-0.271681,10.766667,2
1628250126.136886,364,4,12.392874,-14.775074,-0.152304,-0.002161,0.011010,0.998578,-0.052125,1,8.088391,-17.883050,-0.337333,13.050249,-14.372685,-0.271681,10.766667,2
1628250126.648801,365,4,11.586324,-14.770450,-0.127056,-0.003235,0.010912,0.975934,-0.217768,1,8.088391,-17.883050,-0.337333,13.050249,-14.372685,-0.271681,10.766667,2
1628250127.160785,366,4,10.997561,-14.892752,-0.144024,-0.005141,0.002740,0.961803,-0.273681,1,7.116428,-16.287640,-0.358328,11.629385,-13.159758,-0.292676,10.760000,2
1628250127.635345,367,4,10.538372,-15.221981,-0.137013,-0.007947,-0.006443,0.979419,-0.201578,1,7.116428,-16.287640,-0.358328,11.629385,-13.159758,-0.292676,10.760000,2
1628250131.164491,368,4,11.054706,-14.956272,-0.136511,-0.003523,-0.005590,0.940503,-0.339722,1,8.088391,-17.883050,-0.337333,13.050249,-14.372685,-0.271681,10.766667,2
1628250132.155014,369,4,11.387274,-14.477092,-0.137014,-0.000152,-0.002870,0.886913,-0.461928,1,7.116428,-16.287640,-0.358328,11.629385,-13.159758,-0.292676,10.760000,2
1628250133.144906,370,4,11.525484,-14.080204,-0.136964,0.002886,0.005945,-0.831399,0.555636,1,7.116428,-16.287640,-0.358328,11.629385,-13.159758,-0.292676,10.760000,2
1628250134.159372,371,4,11.586078,-13.624272,-0.129214,-0.000272,0.003343,-0.763779,0.645469,1,7.116428,-16.287640,-0.358328,11.629385,-13.159758,-0.292676,10.760000,2
1628250135.173435,372,4,11.576621,-13.174275,-0.137979,0.001461,0.006349,-0.672334,0.740219,1,7.116428,-16.287640,-0.358328,11.629385,-13.159758,-0.292676,10.760000,2
1628250136.174728,373,4,11.337178,-12.572198,-0.122792,-0.004547,-0.001269,-0.553715,0.832693,1,7.116428,-16.287640,-0.358328,11.629385,-13.159758,-0.292676,10.760000,2
1628250137.663744,374,4,11.720320,-13.313586,-0.134706,0.001374,-0.005564,-0.431884,0.901911,1,7.116428,-16.287640,-0.358328,11.629385,-13.159758,-0.292676,10.760000,2
1628250138.164170,375,4,12.152176,-13.871898,-0.132254,-0.002355,0.002113,-0.454790,0.890593,1,8.088391,-17.883050,-0.337333,13.050249,-14.372685,-0.271681,10.766667,2
1628250138.652064,376,4,12.589120,-14.396051,-0.131885,-0.003662,0.005566,-0.522072,0.852875,1,8.088391,-17.883050,-0.337333,13.050249,-14.372685,-0.271681,10.766667,2
1628250139.164952,377,4,12.837051,-14.890182,-0.129186,-0.003901,0.005045,-0.574690,0.818347,1,8.088391,-17.883050,-0.337333,13.050249,-14.372685,-0.271681,10.766667,2
1628250139.665293,378,4,13.065255,-15.434734,-0.144252,-0.004189,-0.000768,-0.555744,0.831343,1,8.088391,-17.883050,-0.337333,13.050249,-14.372685,-0.271681,10.766667,2
1628250140.190622,379,4,13.291502,-16.007266,-0.141253,-0.003618,0.000154,-0.503267,0.864123,1,9.050413,-19.443628,-0.368339,14.450809,-15.555614,-0.302687,10.783333,2
1628250140.665921,380,4,13.718709,-16.698881,-0.154869,0.000220,0.000706,-0.450199,0.892928,1,9.050413,-19.443628,-0.368339,14.450809,-15.555614,-0.302687,10.783333,2
1628250141.178710,381,4,14.246035,-17.384723,-0.152844,-0.001929,-0.007318,-0.390649,0.920508,1,10.038886,-21.064938,-0.431345,15.895434,-16.788004,-0.365693,10.793333,2
1628250141.678981,382,4,14.867575,-18.023733,-0.144502,0.000554,0.003325,-0.380389,0.924820,1,10.038886,-21.064938,-0.431345,15.895434,-16.788004,-0.365693,10.793333,2
1628250142.191749,383,4,15.664234,-18.766345,-0.152393,0.002206,0.000921,-0.310916,0.950434,1,10.921150,-22.814578,-0.226352,17.279146,-18.175437,-0.160700,10.716667,2
1628250142.666986,384,4,16.271237,-19.140627,-0.138456,-0.001790,0.003160,-0.285919,0.958247,1,10.921150,-22.814578,-0.226352,17.279146,-18.175437,-0.160700,10.716667,2
1628250143.179752,385,4,17.059787,-19.637044,-0.152524,-0.008969,0.002533,-0.356959,0.934073,1,10.921150,-22.814578,-0.226352,17.279146,-18.175437,-0.160700,10.716667,2
1628250143.667467,386,4,17.883703,-20.276956,-0.160783,-0.011515,0.006554,-0.448984,0.893442,1,11.663241,-24.722619,-0.211361,18.579048,-19.757074,-0.145709,10.680000,2
1628250144.165052,387,4,18.487629,-21.051845,-0.172034,-0.010862,0.008023,-0.534656,0.844962,1,11.663241,-24.722619,-0.211361,18.579048,-19.757074,-0.145709,10.680000,2
1628250144.659590,388,4,18.964358,-21.996902,-0.192435,-0.007645,0.005557,-0.582771,0.812582,1,12.669348,-26.384418,-0.306369,20.053050,-21.022438,-0.240717,10.640000,2
1628250145.179553,389,4,19.265715,-22.969566,-0.178254,-0.001572,0.003081,-0.564413,0.825485,1,12.669348,-26.384418,-0.306369,20.053050,-21.022438,-0.240717,10.640000,2
1628250145.662926,390,4,19.651005,-23.914061,-0.195492,0.005792,0.002367,-0.538733,0.842453,1,13.569068,-28.078083,-0.385378,21.435898,-22.351244,-0.319726,10.556667,2
1628250146.171595,391,4,20.075368,-24.776944,-0.186284,0.003787,0.001918,-0.516950,0.856005,1,13.569068,-28.078083,-0.385378,21.435898,-22.351244,-0.319726,10.556667,2
1628250146.680714,392,4,20.463653,-25.480375,-0.192120,0.002999,0.003919,-0.495247,0.868738,1,14.364648,-29.832792,-0.369388,22.738826,-23.770515,-0.303736,10.426667,2
1628250147.177859,393,4,20.789917,-26.018422,-0.191543,0.002997,0.006393,-0.480166,0.877149,1,14.364648,-29.832792,-0.369388,22.738826,-23.770515,-0.303736,10.426667,2
1628250148.197901,394,4,21.162689,-26.590254,-0.197092,0.001880,0.004487,-0.463404,0.886134,1,14.957393,-31.686065,-0.519398,23.879750,-25.346669,-0.453746,10.310000,2
1628250149.692410,395,4,21.489027,-27.084739,-0.205444,0.000824,0.001369,-0.447929,0.894067,1,14.957393,-31.686065,-0.519398,23.879750,-25.346669,-0.453746,10.310000,2
1628250150.702136,396,4,22.065492,-27.841745,-0.210058,0.000486,-0.002340,-0.420453,0.907311,1,14.957393,-31.686065,-0.519398,23.879750,-25.346669,-0.453746,10.310000,2
1628250151.176015,397,4,22.477550,-28.325779,-0.200791,0.001571,-0.000541,-0.402962,0.915215,1,15.506233,-33.534579,-0.653409,24.977473,-26.931986,-0.587757,10.220000,2
1628250151.712499,398,4,22.904442,-28.782138,-0.204146,0.001676,-0.000000,-0.384022,0.923323,1,15.506233,-33.534579,-0.653409,24.977473,-26.931986,-0.587757,10.220000,2
1628250152.199015,399,4,23.362014,-29.206619,-0.208427,0.002006,0.000643,-0.377615,0.925960,1,15.506233,-33.534579,-0.653409,24.977473,-26.931986,-0.587757,10.220000,2
1628250152.685625,400,4,23.873422,-29.644000,-0.212781,0.000667,0.001010,-0.387862,0.921717,1,16.160338,-35.336638,-0.650420,26.160736,-28.440350,-0.584768,10.140000,2
1628250153.197328,401,4,24.405982,-30.166281,-0.221422,-0.001779,-0.000110,-0.408122,0.912926,1,16.160338,-35.336638,-0.650420,26.160736,-28.440350,-0.584768,10.140000,2
1628250153.684123,402,4,24.970627,-30.759627,-0.214985,-0.001440,0.000401,-0.426173,0.904640,1,16.160338,-35.336638,-0.650420,26.160736,-28.440350,-0.584768,10.140000,2
1628250154.195942,403,4,25.528386,-31.400666,-0.213713,0.000186,0.001530,-0.439799,0.898095,1,17.210352,-37.003196,-0.796432,27.677940,-29.696549,-0.730780,10.130000,2
1628250154.707861,404,4,26.081751,-32.107081,-0.222361,0.001967,0.001952,-0.452878,0.891568,1,17.210352,-37.003196,-0.796432,27.677940,-29.696549,-0.730780,10.130000,2
1628250155.207304,405,4,26.621669,-32.866286,-0.223417,0.003399,0.001388,-0.455555,0.890200,1,18.611426,-38.611367,-0.810445,29.510511,-30.787835,-0.744793,10.143333,2
1628250155.706745,406,4,27.148662,-33.639742,-0.231034,0.006715,0.002486,-0.427226,0.904117,1,18.611426,-38.611367,-0.810445,29.510511,-30.787835,-0.744793,10.143333,2
1628250156.193817,407,4,27.715455,-34.339053,-0.249333,0.008544,-0.000131,-0.373395,0.927633,1,19.886408,-40.278200,-0.989459,31.241560,-31.974167,-0.923807,10.083333,2
1628250156.718320,408,4,28.391845,-34.996416,-0.261770,0.009577,0.001938,-0.314969,0.949052,1,19.886408,-40.278200,-0.989459,31.241560,-31.974167,-0.923807,10.083333,2
1628250157.192854,409,4,29.170658,-35.461864,-0.272746,0.005899,0.000899,-0.296187,0.955111,1,20.751222,-42.083811,-1.122473,32.626138,-33.420222,-1.056821,10.023333,2
1628250157.704937,410,4,30.023555,-35.973345,-0.276860,-0.003799,0.004459,-0.354109,0.935186,1,20.751222,-42.083811,-1.122473,32.626138,-33.420222,-1.056821,10.023333,2
1628250158.204566,411,4,30.785085,-36.673904,-0.278587,-0.005082,0.007321,-0.409262,0.912373,1,21.221479,-43.571788,-1.258485,33.536806,-34.687465,-1.192833,9.983333,2
1628250158.704185,412,4,31.431090,-37.388589,-0.286159,-0.003314,0.007336,-0.450043,0.892970,1,21.221479,-43.571788,-1.258485,33.536806,-34.687465,-1.192833,9.983333,2
1628250159.216313,413,4,32.091166,-38.240968,-0.313611,-0.002722,0.000150,-0.482781,0.875737,1,21.538656,-44.768309,-1.322494,34.211166,-35.725492,-1.256842,9.943333,2
1628250159.715998,414,4,32.605265,-39.079231,-0.317927,0.001035,0.007525,-0.509277,0.860569,1,23.000144,-46.407136,-1.759511,36.110697,-36.827075,-1.693859,9.836667,2
1628250160.215638,415,4,33.027837,-39.942876,-0.315615,0.005902,0.004096,-0.483747,0.875178,1,23.000144,-46.407136,-1.759511,36.110697,-36.827075,-1.693859,9.836667,2
1628250160.731111,416,4,33.553193,-40.782089,-0.324920,0.007940,0.001590,-0.407022,0.913382,1,24.045306,-47.822418,-1.352525,37.544962,-37.846031,-1.286873,9.876667,2
1628250161.210515,417,4,34.254536,-41.591042,-0.345978,0.009920,0.002045,-0.329524,0.944093,1,24.045306,-47.822418,-1.352525,37.544962,-37.846031,-1.286873,9.876667,2
1628250161.727226,418,4,35.125915,-42.174137,-0.352939,0.007655,0.003143,-0.296363,0.955040,1,25.014490,-49.099265,-1.109538,38.863880,-38.757134,-1.043886,9.876667,2
1628250162.230847,419,4,36.011697,-42.759334,-0.369283,0.003412,0.001696,-0.330142,0.943924,1,25.993436,-50.314482,-0.835552,40.172862,-39.606635,-0.769900,9.876667,2
1628250162.721466,420,4,36.802025,-43.360450,-0.365631,0.000691,0.003086,-0.406766,0.913527,1,25.993436,-50.314482,-0.835552,40.172862,-39.606635,-0.769900,9.876667,2
1628250163.211733,421,4,37.370351,-43.964424,-0.362793,0.001312,0.004137,-0.476454,0.879188,1,26.914217,-51.528215,-0.675565,41.426115,-40.472858,-0.609913,9.903333,2
1628250163.714267,422,4,37.751795,-44.573370,-0.365808,0.004173,0.003187,-0.479913,0.877301,1,26.914217,-51.528215,-0.675565,41.426115,-40.472858,-0.609913,9.903333,2
1628250164.216480,423,4,38.101889,-45.107906,-0.366477,0.003496,0.002537,-0.435471,0.900192,1,27.694287,-52.610962,-0.610577,42.504837,-41.258485,-0.544925,9.936667,2
1628250164.718439,424,4,38.510717,-45.574373,-0.381418,0.005675,-0.001928,-0.328659,0.944430,1,27.694287,-52.610962,-0.610577,42.504837,-41.258485,-0.544925,9.936667,2
1628250165.232747,425,4,38.967325,-46.012580,-0.375549,0.011370,-0.002507,-0.148850,0.988791,1,28.561042,-53.688640,-0.483590,43.664345,-42.012274,-0.417938,9.960000,2
1628250165.721786,426,4,39.738940,-46.300721,-0.363110,0.014454,-0.002048,0.064033,0.997841,1,28.561042,-53.688640,-0.483590,43.664345,-42.012274,-0.417938,9.960000,2
1628250166.223199,427,4,40.725718,-46.359363,-0.391543,0.003593,0.003665,0.139954,0.990145,1,29.391047,-54.477826,-0.497600,44.699002,-42.503401,-0.431948,10.166667,2
1628250166.712004,428,4,41.306201,-46.124675,-0.369128,-0.003590,0.008991,0.087910,0.996081,1,29.391047,-54.477826,-0.497600,44.699002,-42.503401,-0.431948,10.166667,2
1628250169.241692,429,4,40.767230,-46.277385,-0.379745,-0.001831,0.005476,0.182215,0.983242,1,29.391047,-54.477826,-0.497600,44.699002,-42.503401,-0.431948,10.166667,2
1628250170.230539,430,4,40.415203,-46.592154,-0.377915,-0.002244,0.000823,0.276892,0.960898,1,29.221589,-54.821118,-0.434602,44.645001,-42.882413,-0.368950,9.916667,2
1628250171.244198,431,4,39.893237,-47.027985,-0.381615,-0.002096,-0.002168,0.416304,0.909221,1,29.221589,-54.821118,-0.434602,44.645001,-42.882413,-0.368950,9.916667,2
1628250172.232693,432,4,39.648143,-47.547863,-0.396472,0.006783,-0.012715,0.476997,0.878787,1,29.221589,-54.821118,-0.434602,44.645001,-42.882413,-0.368950,9.916667,2
1628250173.233577,433,4,39.946789,-46.855693,-0.373440,0.007558,-0.006664,0.624728,0.780777,1,29.221589,-54.821118,-0.434602,44.645001,-42.882413,-0.368950,9.916667,2
1628250173.733988,434,4,40.054684,-46.315951,-0.374628,0.008107,0.000965,0.755666,0.654907,1,28.561042,-53.688640,-0.483590,43.664345,-42.012274,-0.417938,9.960000,2
1628250174.271906,435,4,40.037714,-45.822452,-0.375124,0.005983,0.007473,0.851832,0.523727,1,28.561042,-53.688640,-0.483590,43.664345,-42.012274,-0.417938,9.960000,2
1628250174.747251,436,4,39.800922,-45.201877,-0.394449,0.005682,0.005560,0.894049,0.447898,1,28.561042,-53.688640,-0.483590,43.664345,-42.012274,-0.417938,9.960000,2
1628250175.235097,437,4,39.377427,-44.661550,-0.383047,0.005034,0.003543,0.916432,0.400143,1,27.694287,-52.610962,-0.610577,42.504837,-41.258485,-0.544925,9.936667,2
1628250175.747936,438,4,38.981911,-44.218607,-0.379003,0.006050,0.003265,0.935169,0.354135,1,27.694287,-52.610962,-0.610577,42.504837,-41.258485,-0.544925,9.936667,2
1628250176.235813,439,4,38.547655,-43.737749,-0.381610,0.004773,0.002894,0.940723,0.339130,1,26.914217,-51.528215,-0.675565,41.426115,-40.472858,-0.609913,9.903333,2
1628250176.736066,440,4,38.066157,-43.350579,-0.375896,0.003155,0.000286,0.927992,0.372587,1,26.914217,-51.528215,-0.675565,41.426115,-40.472858,-0.609913,9.903333,2
1628250177.247840,441,4,37.565198,-42.877445,-0.368803,0.004154,-0.002385,0.909072,0.416611,1,25.993436,-50.314482,-0.835552,40.172862,-39.606635,-0.769900,9.876667,2
1628250177.746789,442,4,37.020521,-42.333341,-0.367941,0.004044,-0.002337,0.902424,0.430824,1,25.993436,-50.314482,-0.835552,40.172862,-39.606635,-0.769900,9.876667,2
1628250178.233194,443,4,36.462633,-41.717034,-0.358527,0.007297,-0.000479,0.920987,0.389524,1,25.993436,-50.314482,-0.835552,40.172862,-39.606635,-0.769900,9.876667,2
1628250178.757156,444,4,35.794607,-41.033739,-0.350031,0.006539,0.000625,0.944485,0.328489,1,25.014490,-49.099265,-1.109538,38.863880,-38.757134,-1.043886,9.876667,2
1628250179.231291,445,4,34.999262,-40.359570,-0.335732,0.008370,-0.003975,0.952679,0.303837,1,24.045306,-47.822418,-1.352525,37.544962,-37.846031,-1.286873,9.876667,2
1628250179.755433,446,4,34.194306,-39.759054,-0.332997,0.007236,-0.004738,0.945907,0.324322,1,24.045306,-47.822418,-1.352525,37.544962,-37.846031,-1.286873,9.876667,2
1628250180.242099,447,4,33.393966,-39.157605,-0.310793,0.005545,-0.006658,0.925055,0.379735,1,23.000144,-46.407136,-1.759511,36.110697,-36.827075,-1.693859,9.836667,2
1628250180.753901,448,4,32.632221,-38.505133,-0.343861,-0.000540,-0.008172,0.900470,0.434841,1,21.538656,-44.768309,-1.322494,34.211166,-35.725492,-1.256842,9.943333,2
1628250181.265641,449,4,32.011614,-37.734477,-0.305270,0.003460,-0.005522,0.890526,0.454885,1,21.538656,-44.768309,-1.322494,34.211166,-35.725492,-1.256842,9.943333,2
1628250181.740031,450,5,31.410741,-36.976521,-0.296002,0.004959,-0.002783,0.906801,0.421522,1,21.221479,-43.571788,-1.258485,33.536806,-34.687465,-1.192833,9.983333,2
1628250182.264387,451,5,30.759363,-36.217704,-0.281186,0.004802,0.000038,0.935806,0.352482,1,20.751222,-42.083811,-1.122473,32.626138,-33.420222,-1.056821,10.023333,2
1628250182.751364,452,5,29.948789,-35.481061,-0.273563,0.003538,-0.003606,0.931523,0.363646,1,20.751222,-42.083811,-1.122473,32.626138,-33.420222,-1.056821,10.023333,2
1628250183.275828,453,5,29.234439,-34.795614,-0.266533,0.004631,-0.005716,0.911117,0.412082,1,19.886408,-40.278200,-0.989459,31.241560,-31.974167,-0.923807,10.083333,2
1628250183.775358,454,5,28.557868,-34.069378,-0.255894,0.002402,-0.004976,0.884733,0.466065,1,19.886408,-40.278200,-0.989459,31.241560,-31.974167,-0.923807,10.083333,2
1628250184.249940,455,5,27.966836,-33.255590,-0.242291,0.003341,-0.007027,0.854031,0.520164,1,18.611426,-38.611367,-0.810445,29.510511,-30.787835,-0.744793,10.143333,2
1628250184.762020,456,5,27.422623,-32.301097,-0.241099,0.003356,-0.000075,0.853430,0.521196,1,18.611426,-38.611367,-0.810445,29.510511,-30.787835,-0.744793,10.143333,2
1628250185.249157,457,5,26.992492,-31.434656,-0.237616,0.004629,0.003912,0.888288,0.459248,1,18.611426,-38.611367,-0.810445,29.510511,-30.787835,-0.744793,10.143333,2
1628250185.773798,458,5,26.388205,-30.612682,-0.228342,0.005543,0.005605,0.922484,0.385955,1,17.210352,-37.003196,-0.796432,27.677940,-29.696549,-0.730780,10.130000,2
1628250186.273533,459,5,25.678556,-29.852482,-0.218831,0.001465,-0.003946,0.900912,0.433981,1,16.160338,-35.336638,-0.650420,26.160736,-28.440350,-0.584768,10.140000,2
1628250186.760691,460,5,25.041549,-29.105961,-0.219891,-0.000482,-0.007584,0.850595,0.525767,1,16.160338,-35.336638,-0.650420,26.160736,-28.440350,-0.584768,10.140000,2
1628250187.260442,461,5,24.445947,-28.061601,-0.228238,0.001715,-0.002667,0.838450,0.544969,1,15.506233,-33.534579,-0.653409,24.977473,-26.931986,-0.587757,10.220000,2
1628250187.772682,462,5,24.024937,-27.166028,-0.222810,0.003467,0.002478,0.871949,0.489577,1,15.506233,-33.534579,-0.653409,24.977473,-26.931986,-0.587757,10.220000,2
1628250188.272439,463,5,23.531496,-26.362399,-0.214204,0.004411,0.003319,0.907919,0.419110,1,14.957393,-31.686065,-0.519398,23.879750,-25.346669,-0.453746,10.310000,2
1628250188.759743,464,5,22.862696,-25.580098,-0.206452,0.003598,0.000069,0.913076,0.407774,1,14.957393,-31.686065,-0.519398,23.879750,-25.346669,-0.453746,10.310000,2
1628250189.272062,465,5,22.135944,-24.790637,-0.199626,0.003083,0.000763,0.909552,0.415578,1,14.364648,-29.832792,-0.369388,22.738826,-23.770515,-0.303736,10.426667,2
1628250189.759394,466,5,21.450595,-24.017118,-0.196916,0.002607,0.000155,0.908377,0.418143,1,14.364648,-29.832792,-0.369388,22.738826,-23.770515,-0.303736,10.426667,2
1628250190.271739,467,5,20.753997,-23.198267,-0.197203,0.002313,-0.000677,0.907016,0.421090,1,13.569068,-28.078083,-0.385378,21.435898,-22.351244,-0.319726,10.556667,2
1628250190.784097,468,5,20.068706,-22.396335,-0.200153,0.001205,0.000525,0.901416,0.432953,1,13.569068,-28.078083,-0.385378,21.435898,-22.351244,-0.319726,10.556667,2
1628250191.271476,469,5,19.419191,-21.611308,-0.195483,0.002915,0.000786,0.899402,0.437112,1,12.669348,-26.384418,-0.306369,20.053050,-21.022438,-0.240717,10.640000,2
1628250191.771360,470,5,18.789225,-20.819360,-0.190816,0.003864,0.001893,0.897990,0.439996,1,12.669348,-26.384418,-0.306369,20.053050,-21.022438,-0.240717,10.640000,2
1628250192.271276,471,5,18.135416,-19.982672,-0.179566,0.002083,0.002738,0.896739,0.442546,1,11.663241,-24.722619,-0.211361,18.579048,-19.757074,-0.145709,10.680000,2
1628250192.771179,472,5,17.464053,-19.155482,-0.183538,0.001029,0.002075,0.895440,0.445176,1,10.921150,-22.814578,-0.226352,17.279146,-18.175437,-0.160700,10.716667,2
1628250193.258611,473,5,16.833848,-18.319557,-0.179584,0.005149,0.001792,0.894202,0.447631,1,10.921150,-22.814578,-0.226352,17.279146,-18.175437,-0.160700,10.716667,2
1628250193.771056,474,5,16.184793,-17.489083,-0.171877,0.004694,0.003799,0.893152,0.449714,1,10.038886,-21.064938,-0.431345,15.895434,-16.788004,-0.365693,10.793333,2
1628250194.283488,475,5,15.543601,-16.652063,-0.174281,0.004009,0.003666,0.893720,0.448592,1,10.038886,-21.064938,-0.431345,15.895434,-16.788004,-0.365693,10.793333,2
1628250194.770935,476,5,14.899529,-15.802261,-0.170245,0.004131,0.003675,0.894724,0.446585,1,9.050413,-19.443628,-0.368339,14.450809,-15.555614,-0.302687,10.783333,2
1628250195.270902,477,5,14.272645,-14.975296,-0.161591,0.004357,0.001913,0.895551,0.444933,1,9.050413,-19.443628,-0.368339,14.450809,-15.555614,-0.302687,10.783333,2
1628250195.770942,478,5,13.611619,-14.141328,-0.162345,0.002452,0.001855,0.897009,0.442002,1,8.088391,-17.883050,-0.337333,13.050249,-14.372685,-0.271681,10.766667,2
1628250196.270852,479,5,12.934783,-13.285603,-0.155017,0.004471,0.001484,0.913078,0.407757,1,8.088391,-17.883050,-0.337333,13.050249,-14.372685,-0.271681,10.766667,2
1628250196.783340,480,5,12.264277,-12.597093,-0.115426,-0.001588,0.007944,0.942712,0.333510,1,7.116428,-16.287640,-0.358328,11.629385,-13.159758,-0.292676,10.760000,2
1628250197.283385,481,5,11.443926,-11.944170,-0.154842,0.001482,0.009588,0.974082,0.225986,1,6.360794,-14.768724,-0.550323,10.437917,-11.952078,-0.484671,10.680000,2
1628250197.783326,482,5,10.486503,-11.469156,-0.153486,0.000201,0.010235,0.995098,0.098358,1,6.360794,-14.768724,-0.550323,10.437917,-11.952078,-0.484671,10.680000,2
1628250198.283345,483,5,9.671973,-11.305212,-0.147900,-0.001652,0.010305,0.998454,-0.054599,1,5.892025,-13.488259,-0.474320,9.593350,-10.881544,-0.408668,10.616667,2
1628250198.795840,484,5,8.894622,-11.468262,-0.144365,-0.005322,0.001963,0.992619,-0.121138,1,5.892025,-13.488259,-0.474320,9.593350,-10.881544,-0.408668,10.616667,2
1628250199.283356,485,5,8.225784,-11.712473,-0.133184,-0.001076,-0.012314,0.994731,-0.101773,1,5.892025,-13.488259,-0.474320,9.593350,-10.881544,-0.408668,10.616667,2
1628250199.795886,486,5,7.663430,-11.823129,-0.157535,-0.006977,-0.007896,0.998096,-0.060779,1,5.892025,-13.488259,-0.474320,9.593350,-10.881544,-0.408668,10.616667,2
1628250200.783504,487,5,6.965295,-11.928084,-0.162423,-0.008399,-0.001806,0.999913,0.010040,1,5.410477,-12.418583,-0.268318,8.802351,-10.015280,-0.202666,10.593333,2
1628250202.783577,488,5,6.350700,-11.943960,-0.168164,0.009413,-0.013415,0.993625,0.111540,1,5.410477,-12.418583,-0.268318,8.802351,-10.015280,-0.202666,10.593333,2
1628250204.283724,489,5,5.519594,-11.790440,-0.158582,-0.006583,-0.011209,0.983891,0.178294,1,4.972835,-11.353667,-0.156315,8.054552,-9.139851,-0.090663,10.600000,2
1628250204.796277,490,5,4.957447,-11.565425,-0.168634,0.010527,-0.013993,0.977276,0.211247,1,4.972835,-11.353667,-0.156315,8.054552,-9.139851,-0.090663,10.600000,2
1628250205.308830,491,5,4.240862,-11.226358,-0.197418,0.015907,-0.009908,0.976502,0.214690,1,4.526555,-10.364968,-0.027313,7.322306,-8.339535,0.038339,10.583333,2
1628250205.808929,492,5,3.409226,-10.872325,-0.153901,0.009032,0.013813,0.975308,0.220233,1,4.167497,-9.660587,-0.106312,6.761565,-7.782180,-0.040660,10.540000,2
1628250206.308935,493,5,2.598920,-10.467278,-0.038234,0.002035,-0.003881,0.974794,0.223065,1,3.479562,-8.549249,0.170690,5.761475,-6.940666,0.236342,10.366667,2
1628250206.796570,494,5,1.771734,-10.060303,-0.055020,0.009145,0.005802,0.978686,0.205077,1,3.036068,-7.879114,0.178691,5.131180,-6.442171,0.244343,10.270000,2
1628250207.309078,495,5,0.930566,-9.670433,-0.107052,0.005140,-0.004423,0.982049,0.188504,1,-0.481320,-8.939624,-4.533310,2.119646,-8.546302,-4.467658,9.910000,2
1628250207.796635,496,5,0.035753,-9.357302,-0.160770,-0.000097,-0.003872,0.985634,0.168852,1,-0.481320,-8.939624,-4.533310,2.119646,-8.546302,-4.467658,9.910000,2
1628250208.296707,497,5,-0.583184,-9.131403,-0.082360,-0.023797,0.008086,0.986342,0.162778,1,-1.818651,-7.970062,-4.484309,0.546714,-8.041933,-4.418657,10.070000,2
